[
{
  "model": "contenttypes.contenttype",
  "pk": 1,
  "fields": {
    "app_label": "admin",
    "model": "logentry"
  }
},
{
  "model": "contenttypes.contenttype",
  "pk": 2,
  "fields": {
    "app_label": "auth",
    "model": "permission"
  }
},
{
  "model": "contenttypes.contenttype",
  "pk": 3,
  "fields": {
    "app_label": "auth",
    "model": "group"
  }
},
{
  "model": "contenttypes.contenttype",
  "pk": 4,
  "fields": {
    "app_label": "auth",
    "model": "user"
  }
},
{
  "model": "contenttypes.contenttype",
  "pk": 5,
  "fields": {
    "app_label": "contenttypes",
    "model": "contenttype"
  }
},
{
  "model": "contenttypes.contenttype",
  "pk": 6,
  "fields": {
    "app_label": "sessions",
    "model": "session"
  }
},
{
  "model": "contenttypes.contenttype",
  "pk": 7,
  "fields": {
    "app_label": "scenario",
    "model": "scenario"
  }
},
{
  "model": "contenttypes.contenttype",
  "pk": 8,
  "fields": {
    "app_label": "scenario",
    "model": "room"
  }
},
{
  "model": "contenttypes.contenttype",
  "pk": 9,
  "fields": {
    "app_label": "scenario",
    "model": "camera"
  }
},
{
  "model": "contenttypes.contenttype",
  "pk": 10,
  "fields": {
    "app_label": "session",
    "model": "session"
  }
},
{
  "model": "contenttypes.contenttype",
  "pk": 11,
  "fields": {
    "app_label": "session",
    "model": "record"
  }
},
{
  "model": "contenttypes.contenttype",
  "pk": 12,
  "fields": {
    "app_label": "live",
    "model": "card"
  }
},
{
  "model": "contenttypes.contenttype",
  "pk": 13,
  "fields": {
    "app_label": "live",
    "model": "cardrow"
  }
},
{
  "model": "contenttypes.contenttype",
  "pk": 14,
  "fields": {
    "app_label": "editor",
    "model": "template"
  }
},
{
  "model": "contenttypes.contenttype",
  "pk": 15,
  "fields": {
    "app_label": "editor",
    "model": "variable"
  }
},
{
  "model": "contenttypes.contenttype",
  "pk": 16,
  "fields": {
    "app_label": "editor",
    "model": "templatelink"
  }
},
{
  "model": "contenttypes.contenttype",
  "pk": 17,
  "fields": {
    "app_label": "editor",
    "model": "templatecontextparagraph"
  }
},
{
  "model": "contenttypes.contenttype",
  "pk": 18,
  "fields": {
    "app_label": "editor",
    "model": "rule"
  }
},
{
  "model": "contenttypes.contenttype",
  "pk": 19,
  "fields": {
    "app_label": "editor",
    "model": "ruleset"
  }
},
{
  "model": "scenario.scenario",
  "pk": 1,
  "fields": {
    "name": "Le Digimiam",
    "index": 0
  }
},
{
  "model": "scenario.room",
  "pk": 1,
  "fields": {
    "scenario": 1,
    "cardinal": "Room 1",
    "channel": "digimiam1",
    "index": 0
  }
},
{
  "model": "scenario.room",
  "pk": 2,
  "fields": {
    "scenario": 1,
    "cardinal": "Room 2",
    "channel": "digimiam2",
    "index": 1
  }
},
{
  "model": "scenario.camera",
  "pk": 1,
  "fields": {
    "name": "d1c1",
    "room": 1,
    "index": 0,
    "type": "webrtc_janus",
    "params": "{\"url\": \"http://d1c1.justescape:8088/janus\", \"streamId\": 10}"
  }
},
{
  "model": "scenario.camera",
  "pk": 2,
  "fields": {
    "name": "d1c2",
    "room": 1,
    "index": 1,
    "type": "webrtc_janus",
    "params": "{\"url\": \"http://d1c2.justescape:8088/janus\", \"streamId\": 10}"
  }
},
{
  "model": "scenario.camera",
  "pk": 3,
  "fields": {
    "name": "d1c3",
    "room": 1,
    "index": 2,
    "type": "webrtc_janus",
    "params": "{\"url\": \"http://d1c3.justescape:8088/janus\", \"streamId\": 10}"
  }
},
{
  "model": "scenario.camera",
  "pk": 4,
  "fields": {
    "name": "d2c1",
    "room": 2,
    "index": 0,
    "type": "webrtc_janus",
    "params": "{\"url\": \"http://d2c1.justescape:8088/janus\", \"streamId\": 10}"
  }
},
{
  "model": "scenario.camera",
  "pk": 5,
  "fields": {
    "name": "d2c2",
    "room": 2,
    "index": 1,
    "type": "webrtc_janus",
    "params": "{\"url\": \"http://d2c2.justescape:8088/janus\", \"streamId\": 10}"
  }
},
{
  "model": "scenario.camera",
  "pk": 6,
  "fields": {
    "name": "d2c3",
    "room": 2,
    "index": 2,
    "type": "webrtc_janus",
    "params": "{\"url\": \"http://d2c3.justescape:8088/janus\", \"streamId\": 10}"
  }
},
{
  "model": "live.card",
  "pk": 1,
  "fields": {
    "rule_set": 1,
    "name": "Lumières",
    "index": 1
  }
},
{
  "model": "live.card",
  "pk": 2,
  "fields": {
    "rule_set": 1,
    "name": "Ventilation",
    "index": 3
  }
},
{
  "model": "live.card",
  "pk": 3,
  "fields": {
    "rule_set": 1,
    "name": "Sokoban",
    "index": 4
  }
},
{
  "model": "live.card",
  "pk": 4,
  "fields": {
    "rule_set": 1,
    "name": "Contrôle",
    "index": 0
  }
},
{
  "model": "live.card",
  "pk": 5,
  "fields": {
    "rule_set": 1,
    "name": "Musique",
    "index": 2
  }
},
{
  "model": "live.card",
  "pk": 16,
  "fields": {
    "rule_set": 1,
    "name": "Salle serveur",
    "index": 6
  }
},
{
  "model": "live.card",
  "pk": 29,
  "fields": {
    "rule_set": 1,
    "name": "Rue / publicités",
    "index": 6
  }
},
{
  "model": "live.card",
  "pk": 51,
  "fields": {
    "rule_set": 1,
    "name": "Stock",
    "index": 7
  }
},
{
  "model": "live.card",
  "pk": 52,
  "fields": {
    "rule_set": 1,
    "name": "Écran synchro",
    "index": 8
  }
},
{
  "model": "live.card",
  "pk": 53,
  "fields": {
    "rule_set": 1,
    "name": "Écran commandes",
    "index": 9
  }
},
{
  "model": "live.cardrow",
  "pk": 2,
  "fields": {
    "card": 1,
    "name": "Blanc",
    "index": 2,
    "widget": "buttons_group",
    "widget_params": "[{\"id\":\"lights_on_white\",\"icon\": \"fa-fw far fa-sun\", \"event\": {\"category\": \"on\", \"color\": \"white\"}, \"node\": \"refectory_lights\"},{\"id\":\"lights_off_white\",\"icon\":\"fa-fw fas fa-power-off\", \"event\": {\"category\": \"off\", \"color\": \"white\"}, \"node\": \"refectory_lights\"}]"
  }
},
{
  "model": "live.cardrow",
  "pk": 3,
  "fields": {
    "card": 1,
    "name": "Bleu",
    "index": 3,
    "widget": "buttons_group",
    "widget_params": "[{\"id\":\"lights_on_blue\",\"icon\": \"fa-fw far fa-sun\", \"event\": {\"category\": \"on\", \"color\": \"blue\"}, \"node\": \"refectory_lights\"},{\"id\":\"lights_off_blue\",\"icon\":\"fa-fw fas fa-power-off\", \"event\": {\"category\": \"off\", \"color\": \"blue\"}, \"node\": \"refectory_lights\"}]"
  }
},
{
  "model": "live.cardrow",
  "pk": 4,
  "fields": {
    "card": 1,
    "name": "Orange",
    "index": 4,
    "widget": "buttons_group",
    "widget_params": "[{\"id\":\"lights_on_orange\",\"icon\": \"fa-fw far fa-sun\", \"event\": {\"category\": \"on\", \"color\": \"orange\"}, \"node\": \"refectory_lights\"},{\"id\":\"lights_off_orange\",\"icon\":\"fa-fw fas fa-power-off\", \"event\": {\"category\": \"off\", \"color\": \"orange\"}, \"node\": \"refectory_lights\"}]"
  }
},
{
  "model": "live.cardrow",
  "pk": 5,
  "fields": {
    "card": 1,
    "name": "Vert",
    "index": 5,
    "widget": "buttons_group",
    "widget_params": "[{\"id\":\"lights_on_green\",\"icon\": \"fa-fw far fa-sun\", \"event\": {\"category\": \"on\", \"color\": \"green\"}, \"node\": \"refectory_lights\"},{\"id\":\"lights_off_green\",\"icon\":\"fa-fw fas fa-power-off\", \"event\": {\"category\": \"off\", \"color\": \"green\"}, \"node\": \"refectory_lights\"}]"
  }
},
{
  "model": "live.cardrow",
  "pk": 6,
  "fields": {
    "card": 1,
    "name": "Rouge",
    "index": 6,
    "widget": "buttons_group",
    "widget_params": "[{\"id\":\"lights_on_red\",\"icon\": \"fa-fw far fa-sun\", \"event\": {\"category\": \"on\", \"color\": \"red\"}, \"node\": \"refectory_lights\"},{\"id\":\"lights_off_red\",\"icon\":\"fa-fw fas fa-power-off\", \"event\": {\"category\": \"off\", \"color\": \"red\"}, \"node\": \"refectory_lights\"}]"
  }
},
{
  "model": "live.cardrow",
  "pk": 7,
  "fields": {
    "card": 1,
    "name": "Rose",
    "index": 7,
    "widget": "buttons_group",
    "widget_params": "[{\"id\":\"lights_on_pink\",\"icon\": \"fa-fw far fa-sun\", \"event\": {\"category\": \"on\", \"color\": \"pink\"}, \"node\": \"refectory_lights\"},{\"id\":\"lights_off_pink\",\"icon\":\"fa-fw fas fa-power-off\", \"event\": {\"category\": \"off\", \"color\": \"pink\"}, \"node\": \"refectory_lights\"}]"
  }
},
{
  "model": "live.cardrow",
  "pk": 8,
  "fields": {
    "card": 4,
    "name": "Table",
    "index": 4,
    "widget": "buttons_group",
    "widget_params": "[{\"id\":\"control_table_up\",\"icon\":\"fa-fw fas fa-arrow-up\", \"event\": {\"category\": \"table_up\"}, \"node\": \"control_panel\"},{\"id\":\"control_table_down\",\"icon\":\"fa-fw fas fa-arrow-down\", \"event\": {\"category\": \"table_down\"}, \"node\": \"control_panel\"},{\"id\":\"control_table_stop\",\"icon\":\"fa-fw far fa-hand-paper\", \"event\": {\"category\": \"table_stop\"}, \"node\": \"control_panel\"}]"
  }
},
{
  "model": "live.cardrow",
  "pk": 9,
  "fields": {
    "card": 2,
    "name": "Status panel",
    "index": 1,
    "widget": "buttons_group",
    "widget_params": "[{\"id\":\"set_ventilation_panel_status_inactive\",\"icon\":\"fa-fw fas fa-lock\", \"event\": {\"category\": \"set_status\", \"status\": \"inactive\"}, \"node\": \"ventilation_panel\"},{\"id\":\"set_ventilation_panel_status_playing\",\"icon\":\"fa-fw fas fa-gamepad\", \"event\": {\"category\": \"set_status\", \"status\": \"playing\"}, \"node\": \"ventilation_panel\"},{\"id\":\"set_ventilation_panel_status_success\",\"icon\": \"fa-fw fas fa-check\", \"event\": {\"category\": \"set_status\", \"status\": \"success\"}, \"node\": \"ventilation_panel\"}]"
  }
},
{
  "model": "live.cardrow",
  "pk": 10,
  "fields": {
    "card": 2,
    "name": "Difficulté",
    "index": 2,
    "widget": "buttons_group",
    "widget_params": "[{\"id\":\"set_ventilation_panel_difficulty_easy\",\"icon\":\"fa-fw fas fa-dice-one\", \"event\": {\"category\": \"set_difficulty\", \"difficulty\": \"easy\"}, \"node\": \"ventilation_panel\"}, {\"id\":\"set_ventilation_panel_difficulty_normal\",\"icon\":\"fa-fw fas fa-dice-two\", \"event\": {\"category\": \"set_difficulty\", \"difficulty\": \"normal\"}, \"node\": \"ventilation_panel\"},{\"id\":\"set_ventilation_panel_difficulty_hard\",\"icon\":\"fa-fw fas fa-dice-three\", \"event\": {\"category\": \"set_difficulty\", \"difficulty\": \"hard\"}, \"node\": \"ventilation_panel\"}]"
  }
},
{
  "model": "live.cardrow",
  "pk": 11,
  "fields": {
    "card": 53,
    "name": "Status",
    "index": 0,
    "widget": "buttons_group",
    "widget_params": "[{\"id\":\"reset_orders\",\"icon\":\"fa-fw fas fa-undo-alt\", \"event\": {\"category\": \"reset\"}, \"node\": \"orders\"},{\"id\": \"stop_orders_overlay_video\",\"icon\":\"fa-fw fas fa-video-slash\", \"event\": {\"category\": \"stop_overlay_video\"}, \"node\": \"orders\"},{\"id\": \"display_orders_danger_window\",\"icon\":\"fa-fw fas fa-exclamation-triangle\", \"event\": {\"category\": \"display_danger_window\"}, \"node\": \"orders\"}]"
  }
},
{
  "model": "live.cardrow",
  "pk": 12,
  "fields": {
    "card": 3,
    "name": "Reset (énigme entière)",
    "index": 1,
    "widget": "buttons_group",
    "widget_params": "[{\"id\":\"reset_inventory\",\"icon\":\"fa-fw fas fa-undo-alt\", \"event\": {\"category\": \"reset\"}, \"node\": \"inventory\"}]"
  }
},
{
  "model": "live.cardrow",
  "pk": 13,
  "fields": {
    "card": 3,
    "name": "Difficulté",
    "index": 2,
    "widget": "buttons_group",
    "widget_params": "[{\"id\":\"set_inventory_difficulty_easy\",\"icon\":\"fa-fw fas fa-dice-one\", \"event\": {\"category\": \"set_difficulty\", \"difficulty\": \"easy\"}, \"node\": \"inventory\"},{\"id\": \"set_inventory_difficulty_normal\",\"icon\": \"fa-fw fas fa-dice-two\", \"event\": {\"category\": \"set_difficulty\", \"difficulty\": \"normal\"}, \"node\": \"inventory\"},{\"id\": \"set_inventory_difficulty_hard\",\"icon\":\"fa-fw fas fa-dice-three\", \"event\": {\"category\": \"set_difficulty\", \"difficulty\": \"hard\"}, \"node\": \"inventory\"}]"
  }
},
{
  "model": "live.cardrow",
  "pk": 14,
  "fields": {
    "card": 5,
    "name": "Volume master",
    "index": 1,
    "widget": "buttons_group",
    "widget_params": "[{\"id\":\"volume_mut_master\",\"icon\":\"fa-fw fas fa-volume-mute\"},{\"id\":\"volume_low_master\",\"icon\":\"fa-fw fas fa-volume-off\"},{\"id\":\"volume_mid_master\",\"icon\":\"fa-fw fas fa-volume-down\"},{\"id\":\"volume_max_master\",\"icon\":\"fa-fw fas fa-volume-up\"}]"
  }
},
{
  "model": "live.cardrow",
  "pk": 15,
  "fields": {
    "card": 5,
    "name": "Track 1",
    "index": 2,
    "widget": "buttons_group",
    "widget_params": "[{\"id\":\"play_track1\",\"icon\":\"fa-fw fas fa-play\"},{\"id\":\"pause_track1\",\"icon\":\"fa-fw fas fa-pause\"},{\"id\":\"stop_track1\",\"icon\":\"fa-fw fas fa-undo-alt\"},{\"id\":\"volume_mut_track1\",\"icon\":\"fa-fw fas fa-volume-mute\"},{\"id\":\"volume_low_track1\",\"icon\":\"fa-fw fas fa-volume-off\"},{\"id\":\"volume_mid_track1\",\"icon\":\"fa-fw fas fa-volume-down\"},{\"id\":\"volume_max_track1\",\"icon\":\"fa-fw fas fa-volume-up\"}]"
  }
},
{
  "model": "live.cardrow",
  "pk": 16,
  "fields": {
    "card": 5,
    "name": "Track 2",
    "index": 3,
    "widget": "buttons_group",
    "widget_params": "[{\"id\":\"play_track2\",\"icon\":\"fa-fw fas fa-play\"},{\"id\":\"pause_track2\",\"icon\":\"fa-fw fas fa-pause\"},{\"id\":\"stop_track2\",\"icon\":\"fa-fw fas fa-undo-alt\"},{\"id\":\"volume_mut_track2\",\"icon\":\"fa-fw fas fa-volume-mute\"},{\"id\":\"volume_low_track2\",\"icon\":\"fa-fw fas fa-volume-off\"},{\"id\":\"volume_mid_track2\",\"icon\":\"fa-fw fas fa-volume-down\"},{\"id\":\"volume_max_track2\",\"icon\":\"fa-fw fas fa-volume-up\"}]"
  }
},
{
  "model": "live.cardrow",
  "pk": 17,
  "fields": {
    "card": 5,
    "name": "Track 3",
    "index": 4,
    "widget": "buttons_group",
    "widget_params": "[{\"id\":\"play_track3\",\"icon\":\"fa-fw fas fa-play\"},{\"id\":\"pause_track3\",\"icon\":\"fa-fw fas fa-pause\"},{\"id\":\"stop_track3\",\"icon\":\"fa-fw fas fa-undo-alt\"},{\"id\":\"volume_mut_track3\",\"icon\":\"fa-fw fas fa-volume-mute\"},{\"id\":\"volume_low_track3\",\"icon\":\"fa-fw fas fa-volume-off\"},{\"id\":\"volume_mid_track3\",\"icon\":\"fa-fw fas fa-volume-down\"},{\"id\":\"volume_max_track3\",\"icon\":\"fa-fw fas fa-volume-up\"}]"
  }
},
{
  "model": "live.cardrow",
  "pk": 18,
  "fields": {
    "card": 5,
    "name": "Track 3.5",
    "index": 5,
    "widget": "buttons_group",
    "widget_params": "[{\"id\":\"play_track35\",\"icon\":\"fa-fw fas fa-play\"},{\"id\":\"pause_track35\",\"icon\":\"fa-fw fas fa-pause\"},{\"id\":\"stop_track35\",\"icon\":\"fa-fw fas fa-undo-alt\"},{\"id\":\"volume_mut_track35\",\"icon\":\"fa-fw fas fa-volume-mute\"},{\"id\":\"volume_low_track35\",\"icon\":\"fa-fw fas fa-volume-off\"},{\"id\":\"volume_mid_track35\",\"icon\":\"fa-fw fas fa-volume-down\"},{\"id\":\"volume_max_track35\",\"icon\":\"fa-fw fas fa-volume-up\"}]"
  }
},
{
  "model": "live.cardrow",
  "pk": 19,
  "fields": {
    "card": 5,
    "name": "Track 4",
    "index": 6,
    "widget": "buttons_group",
    "widget_params": "[{\"id\":\"play_track4\",\"icon\":\"fa-fw fas fa-play\"},{\"id\":\"pause_track4\",\"icon\":\"fa-fw fas fa-pause\"},{\"id\":\"stop_track4\",\"icon\":\"fa-fw fas fa-undo-alt\"},{\"id\":\"volume_mut_track4\",\"icon\":\"fa-fw fas fa-volume-mute\"},{\"id\":\"volume_low_track4\",\"icon\":\"fa-fw fas fa-volume-off\"},{\"id\":\"volume_mid_track4\",\"icon\":\"fa-fw fas fa-volume-down\"},{\"id\":\"volume_max_track4\",\"icon\":\"fa-fw fas fa-volume-up\"}]"
  }
},
{
  "model": "live.cardrow",
  "pk": 20,
  "fields": {
    "card": 5,
    "name": "Track 5",
    "index": 7,
    "widget": "buttons_group",
    "widget_params": "[{\"id\":\"play_track5\",\"icon\":\"fa-fw fas fa-play\"},{\"id\":\"pause_track5\",\"icon\":\"fa-fw fas fa-pause\"},{\"id\":\"stop_track5\",\"icon\":\"fa-fw fas fa-undo-alt\"},{\"id\":\"volume_mut_track5\",\"icon\":\"fa-fw fas fa-volume-mute\"},{\"id\":\"volume_low_track5\",\"icon\":\"fa-fw fas fa-volume-off\"},{\"id\":\"volume_mid_track5\",\"icon\":\"fa-fw fas fa-volume-down\"},{\"id\":\"volume_max_track5\",\"icon\":\"fa-fw fas fa-volume-up\"}]"
  }
},
{
  "model": "live.cardrow",
  "pk": 21,
  "fields": {
    "card": 5,
    "name": "Track 6.1",
    "index": 8,
    "widget": "buttons_group",
    "widget_params": "[{\"id\":\"play_track61\",\"icon\":\"fa-fw fas fa-play\"},{\"id\":\"pause_track61\",\"icon\":\"fa-fw fas fa-pause\"},{\"id\":\"stop_track61\",\"icon\":\"fa-fw fas fa-undo-alt\"},{\"id\":\"volume_mut_track61\",\"icon\":\"fa-fw fas fa-volume-mute\"},{\"id\":\"volume_low_track61\",\"icon\":\"fa-fw fas fa-volume-off\"},{\"id\":\"volume_mid_track61\",\"icon\":\"fa-fw fas fa-volume-down\"},{\"id\":\"volume_max_track61\",\"icon\":\"fa-fw fas fa-volume-up\"}]"
  }
},
{
  "model": "live.cardrow",
  "pk": 22,
  "fields": {
    "card": 5,
    "name": "Track 6.2",
    "index": 9,
    "widget": "buttons_group",
    "widget_params": "[{\"id\":\"play_track62\",\"icon\":\"fa-fw fas fa-play\"},{\"id\":\"pause_track62\",\"icon\":\"fa-fw fas fa-pause\"},{\"id\":\"stop_track62\",\"icon\":\"fa-fw fas fa-undo-alt\"},{\"id\":\"volume_mut_track62\",\"icon\":\"fa-fw fas fa-volume-mute\"},{\"id\":\"volume_low_track62\",\"icon\":\"fa-fw fas fa-volume-off\"},{\"id\":\"volume_mid_track62\",\"icon\":\"fa-fw fas fa-volume-down\"},{\"id\":\"volume_max_track62\",\"icon\":\"fa-fw fas fa-volume-up\"}]"
  }
},
{
  "model": "live.cardrow",
  "pk": 23,
  "fields": {
    "card": 5,
    "name": "Track 6.3",
    "index": 10,
    "widget": "buttons_group",
    "widget_params": "[{\"id\":\"play_track63\",\"icon\":\"fa-fw fas fa-play\"},{\"id\":\"pause_track63\",\"icon\":\"fa-fw fas fa-pause\"},{\"id\":\"stop_track63\",\"icon\":\"fa-fw fas fa-undo-alt\"},{\"id\":\"volume_mut_track63\",\"icon\":\"fa-fw fas fa-volume-mute\"},{\"id\":\"volume_low_track63\",\"icon\":\"fa-fw fas fa-volume-off\"},{\"id\":\"volume_mid_track63\",\"icon\":\"fa-fw fas fa-volume-down\"},{\"id\":\"volume_max_track63\",\"icon\":\"fa-fw fas fa-volume-up\"}]"
  }
},
{
  "model": "live.cardrow",
  "pk": 24,
  "fields": {
    "card": 5,
    "name": "Track 7",
    "index": 11,
    "widget": "buttons_group",
    "widget_params": "[{\"id\":\"play_track7\",\"icon\":\"fa-fw fas fa-play\"},{\"id\":\"pause_track7\",\"icon\":\"fa-fw fas fa-pause\"},{\"id\":\"stop_track7\",\"icon\":\"fa-fw fas fa-undo-alt\"},{\"id\":\"volume_mut_track7\",\"icon\":\"fa-fw fas fa-volume-mute\"},{\"id\":\"volume_low_track7\",\"icon\":\"fa-fw fas fa-volume-off\"},{\"id\":\"volume_mid_track7\",\"icon\":\"fa-fw fas fa-volume-down\"},{\"id\":\"volume_max_track7\",\"icon\":\"fa-fw fas fa-volume-up\"}]"
  }
},
{
  "model": "live.cardrow",
  "pk": 25,
  "fields": {
    "card": 5,
    "name": "Track 8",
    "index": 12,
    "widget": "buttons_group",
    "widget_params": "[{\"id\":\"play_track8\",\"icon\":\"fa-fw fas fa-play\"},{\"id\":\"pause_track8\",\"icon\":\"fa-fw fas fa-pause\"},{\"id\":\"stop_track8\",\"icon\":\"fa-fw fas fa-undo-alt\"},{\"id\":\"volume_mut_track8\",\"icon\":\"fa-fw fas fa-volume-mute\"},{\"id\":\"volume_low_track8\",\"icon\":\"fa-fw fas fa-volume-off\"},{\"id\":\"volume_mid_track8\",\"icon\":\"fa-fw fas fa-volume-down\"},{\"id\":\"volume_max_track8\",\"icon\":\"fa-fw fas fa-volume-up\"}]"
  }
},
{
  "model": "live.cardrow",
  "pk": 26,
  "fields": {
    "card": 5,
    "name": "Track 9.1",
    "index": 13,
    "widget": "buttons_group",
    "widget_params": "[{\"id\":\"play_track91\",\"icon\":\"fa-fw fas fa-play\"},{\"id\":\"pause_track91\",\"icon\":\"fa-fw fas fa-pause\"},{\"id\":\"stop_track91\",\"icon\":\"fa-fw fas fa-undo-alt\"},{\"id\":\"volume_mut_track91\",\"icon\":\"fa-fw fas fa-volume-mute\"},{\"id\":\"volume_low_track91\",\"icon\":\"fa-fw fas fa-volume-off\"},{\"id\":\"volume_mid_track91\",\"icon\":\"fa-fw fas fa-volume-down\"},{\"id\":\"volume_max_track91\",\"icon\":\"fa-fw fas fa-volume-up\"}]"
  }
},
{
  "model": "live.cardrow",
  "pk": 27,
  "fields": {
    "card": 5,
    "name": "Track 9.2",
    "index": 14,
    "widget": "buttons_group",
    "widget_params": "[{\"id\":\"play_track92\",\"icon\":\"fa-fw fas fa-play\"},{\"id\":\"pause_track92\",\"icon\":\"fa-fw fas fa-pause\"},{\"id\":\"stop_track92\",\"icon\":\"fa-fw fas fa-undo-alt\"},{\"id\":\"volume_mut_track92\",\"icon\":\"fa-fw fas fa-volume-mute\"},{\"id\":\"volume_low_track92\",\"icon\":\"fa-fw fas fa-volume-off\"},{\"id\":\"volume_mid_track92\",\"icon\":\"fa-fw fas fa-volume-down\"},{\"id\":\"volume_max_track92\",\"icon\":\"fa-fw fas fa-volume-up\"}]"
  }
},
{
  "model": "live.cardrow",
  "pk": 83,
  "fields": {
    "card": 16,
    "name": "Digicode",
    "index": 0,
    "widget": "buttons_group",
    "widget_params": "[{\"id\":\"server_room_lock_reset\",\"icon\":\"fa-fw fas fa-undo-alt\", \"event\": {\"category\": \"reset\"}, \"node\": \"digital_lock\"},{\"id\":\"server_room_lock_enable\",\"icon\":\"fa-fw fas fa-gamepad\", \"event\": {\"category\": \"enable\"}, \"node\": \"digital_lock\"}]"
  }
},
{
  "model": "live.cardrow",
  "pk": 113,
  "fields": {
    "card": 4,
    "name": "Status",
    "index": 1,
    "widget": "buttons_group",
    "widget_params": "[{\"id\":\"control_set_status_inactive\",\"icon\":\"fa-fw fas fa-lock\", \"event\": {\"category\": \"set_status\", \"status\": \"inactive\"}, \"node\": \"control_panel\"},{\"id\":\"control_set_status_playing\",\"icon\":\"fa-fw fas fa-gamepad\", \"event\": {\"category\": \"set_status\", \"status\": \"playing\"}, \"node\": \"control_panel\"}]"
  }
},
{
  "model": "live.cardrow",
  "pk": 114,
  "fields": {
    "card": 4,
    "name": "Lights status",
    "index": 2,
    "widget": "buttons_group",
    "widget_params": "[{\"id\":\"control_lights_set_status_repaired_0\",\"icon\":\"fa-fw fas fa-times\", \"event\": {\"category\": \"set_lights_service_status\", \"repaired\": 0}, \"node\": \"control_panel\"},{\"id\":\"control_lights_set_status_repaired_1\",\"icon\":\"fa-fw fas fa-check\", \"event\": {\"category\": \"set_lights_service_status\", \"repaired\": 1}, \"node\": \"control_panel\"}]"
  }
},
{
  "model": "live.cardrow",
  "pk": 115,
  "fields": {
    "card": 4,
    "name": "Menu status",
    "index": 3,
    "widget": "buttons_group",
    "widget_params": "[{\"id\":\"control_menu_set_status_repaired_0\",\"icon\":\"fa-fw fas fa-times\", \"event\": {\"category\": \"set_menu_service_status\", \"repaired\": 0}, \"node\": \"control_panel\"},{\"id\":\"control_menu_set_status_repaired_1\",\"icon\":\"fa-fw fas fa-check\", \"event\": {\"category\": \"set_menu_service_status\", \"repaired\": 1}, \"node\": \"control_panel\"}]"
  }
},
{
  "model": "live.cardrow",
  "pk": 116,
  "fields": {
    "card": 4,
    "name": "Force manual mode",
    "index": 5,
    "widget": "buttons_group",
    "widget_params": "[{\"id\":\"control_force_manual_mode\",\"icon\":\"fa-fw fas fa-plug\", \"event\": {\"category\": \"force_manual_mode\"}, \"node\": \"control_panel\"}]"
  }
},
{
  "model": "live.cardrow",
  "pk": 150,
  "fields": {
    "card": 16,
    "name": "Machine à fumée",
    "index": 1,
    "widget": "buttons_group",
    "widget_params": "[{\"id\":\"fog_machine_turn_on\",\"icon\":\"fa-fw fas fa-temperature-high\",\"event\":{\"category\":\"on\"},\"node\":\"fog_machine\"},{\"id\": \"fog_machine_turn_off\",\"icon\": \"fa-fw fas fa-power-off\",\"event\":{\"category\":\"off\"},\"node\":\"fog_machine\"},{\"id\": \"fog_machine_send_fog\",\"icon\":\"fa-fw fas fa-smog\",\"event\":{\"category\":\"send_fog\"},\"node\":\"fog_machine\"},{\"id\":\"fog_machine_continuous_fog\",\"icon\":\"fa-fw fas fa-infinity\",\"event\":{\"category\":\"send_fog_forever\"},\"node\":\"fog_machine\"},{\"id\":\"fog_machine_stop_fog\",\"icon\":\"fa-fw fas fa-ban\",\"event\":{\"category\":\"stop_sending_fog_forever\"},\"node\":\"fog_machine\"}]"
  }
},
{
  "model": "live.cardrow",
  "pk": 219,
  "fields": {
    "card": 3,
    "name": "Contrôles (1/2)",
    "index": 2,
    "widget": "buttons_group",
    "widget_params": "[{\"id\":\"sokoban_control_up\",\"icon\":\"fa-fw fas fa-chevron-up\", \"event\": {\"category\": \"control\", \"name\": \"up\", \"pressed\": true}, \"node\": \"inventory\"},{\"id\":\"sokoban_control_reset\",\"icon\":\"fa-fw fas fa-undo-alt\", \"event\": {\"category\": \"control\", \"name\": \"reset\", \"pressed\": true}, \"node\": \"inventory\"}]"
  }
},
{
  "model": "live.cardrow",
  "pk": 220,
  "fields": {
    "card": 3,
    "name": "Contrôles (2/2)",
    "index": 3,
    "widget": "buttons_group",
    "widget_params": "[{\"id\":\"sokoban_control_left\",\"icon\":\"fa-fw fas fa-chevron-left\", \"event\": {\"category\": \"control\", \"name\": \"left\", \"pressed\": true}, \"node\": \"inventory\"},{\"id\":\"sokoban_control_down\",\"icon\":\"fa-fw fas fa-chevron-down\", \"event\": {\"category\": \"control\", \"name\": \"down\", \"pressed\": true}, \"node\": \"inventory\"},{\"id\":\"sokoban_control_right\",\"icon\":\"fa-fw fas fa-chevron-right\", \"event\": {\"category\": \"control\", \"name\": \"right\", \"pressed\": true}, \"node\": \"inventory\"}]"
  }
},
{
  "model": "live.cardrow",
  "pk": 257,
  "fields": {
    "card": 51,
    "name": "Lumières",
    "index": 0,
    "widget": "buttons_group",
    "widget_params": "[{\"id\":\"stock_lights_high\",\"icon\": \"fa-fw far fa-sun\", \"event\": {\"category\": \"high\"}, \"node\": \"stock_lights\"},{\"id\":\"stock_lights_low\",\"icon\": \"fa-fw far fa-moon\", \"event\": {\"category\": \"low\"}, \"node\": \"stock_lights\"},{\"id\":\"stock_lights_off\",\"icon\":\"fa-fw fas fa-power-off\", \"event\": {\"category\": \"off\"}, \"node\": \"stock_lights\"}]"
  }
},
{
  "model": "live.cardrow",
  "pk": 258,
  "fields": {
    "card": 51,
    "name": "Urgence",
    "index": 1,
    "widget": "buttons_group",
    "widget_params": "[{\"id\":\"emergency_exit_unlock_to_outside\",\"icon\":\"fa-fw fas fa-door-open\", \"event\": {\"category\": \"unlock\", \"magnet_id\": \"to_outside\"}, \"node\": \"emergency_exit\"},{\"id\":\"emergency_exit_unlock_stock_to_machine\",\"icon\":\"fa-fw fas fa-dungeon\", \"event\": {\"category\": \"unlock\", \"magnet_id\": \"stock_to_machine\"}, \"node\": \"emergency_exit\"}, {\"id\":\"emergency_exit_unlock\",\"icon\":\"fa-fw fas fa-lock-open\", \"event\": {\"category\": \"unlock\"}, \"node\": \"emergency_exit\"},{\"id\":\"emergency_exit_lock\",\"icon\":\"fa-fw fas fa-lock\", \"event\": {\"category\": \"lock\"}, \"node\": \"emergency_exit\"}]"
  }
},
{
  "model": "live.cardrow",
  "pk": 263,
  "fields": {
    "card": 16,
    "name": "Difficulté lasers",
    "index": 4,
    "widget": "buttons_group",
    "widget_params": "[{\"id\":\"set_lasers_difficulty_easy\",\"icon\":\"fa-fw fas fa-dice-one\", \"event\": {\"category\": \"set_difficulty\", \"difficulty\": \"easy\"}, \"node\": \"laser_maze\"},{\"id\": \"set_lasers_difficulty_normal\",\"icon\": \"fa-fw fas fa-dice-two\", \"event\": {\"category\": \"set_difficulty\", \"difficulty\": \"normal\"}, \"node\": \"laser_maze\"},{\"id\": \"set_lasers_difficulty_hard\",\"icon\":\"fa-fw fas fa-dice-three\", \"event\": {\"category\": \"set_difficulty\", \"difficulty\": \"hard\"}, \"node\": \"laser_maze\"}]"
  }
},
{
  "model": "live.cardrow",
  "pk": 264,
  "fields": {
    "card": 16,
    "name": "Labyrinthe",
    "index": 5,
    "widget": "buttons_group",
    "widget_params": "[{\"id\":\"maze_playing\",\"icon\":\"fa-fw fas fa-gamepad\"},{\"id\":\"maze_alarm\",\"icon\":\"fa-fw fas fa-bell\"}, {\"id\":\"secure_floor_tare\",\"icon\":\"fa-fw fas fa-balance-scale\"},{\"id\":\"maze_success\",\"icon\":\"fa-fw fas fa-check\"},{\"id\":\"maze_reset\",\"icon\":\"fa-fw fas fa-undo-alt\"}]"
  }
},
{
  "model": "live.cardrow",
  "pk": 265,
  "fields": {
    "card": 52,
    "name": "Status",
    "index": 0,
    "widget": "buttons_group",
    "widget_params": "[{\"id\":\"reset_synchronizer\",\"icon\":\"fa-fw fas fa-undo-alt\",\"event\": {\"category\": \"reset\"}, \"node\": \"synchronizer\"},{\"id\": \"stop_synchronizer_overlay_video\",\"icon\":\"fa-fw fas fa-video-slash\", \"event\": {\"category\": \"stop_overlay_video\"}, \"node\": \"synchronizer\"},{\"id\": \"display_synchronizer_danger_window\",\"icon\":\"fa-fw fas fa-exclamation-triangle\", \"event\": {\"category\": \"display_danger_window\"}, \"node\": \"synchronizer\"}]"
  }
},
{
  "model": "live.cardrow",
  "pk": 266,
  "fields": {
    "card": 52,
    "name": "Difficulté",
    "index": 1,
    "widget": "buttons_group",
    "widget_params": "[{\"id\":\"set_synchronizer_difficulty_easy\",\"icon\":\"fa-fw fas fa-dice-one\", \"event\": {\"category\": \"set_difficulty\", \"difficulty\": \"easy\"}, \"node\": \"synchronizer\"}, {\"id\":\"set_synchronizer_difficulty_normal\",\"icon\":\"fa-fw fas fa-dice-two\", \"event\": {\"category\": \"set_difficulty\", \"difficulty\": \"normal\"}, \"node\": \"synchronizer\"},{\"id\":\"set_synchronizer_difficulty_hard\",\"icon\":\"fa-fw fas fa-dice-three\", \"event\": {\"category\": \"set_difficulty\", \"difficulty\": \"hard\"}, \"node\": \"synchronizer\"}]"
  }
},
{
  "model": "live.cardrow",
  "pk": 267,
  "fields": {
    "card": 53,
    "name": "Visibilité Marmitron",
    "index": 1,
    "widget": "buttons_group",
    "widget_params": "[{\"id\":\"orders_show_marmitron\",\"icon\":\"fa-fw fas fa-video\",\"event\": {\"category\": \"set_marmitron_visibility\", \"show\": true}, \"node\": \"orders\"},{\"id\": \"orders_hide_marmitron\",\"icon\":\"fa-fw fas fa-video-slash\", \"event\": {\"category\": \"set_marmitron_visibility\", \"show\": false}, \"node\": \"orders\"}]"
  }
},
{
  "model": "live.cardrow",
  "pk": 268,
  "fields": {
    "card": 53,
    "name": "Restaurant ouvert ?",
    "index": 2,
    "widget": "buttons_group",
    "widget_params": "[{\"id\":\"orders_set_restaurant_open\",\"icon\":\"fa-fw fas fa-door-open\",\"event\": {\"category\": \"set_restaurant_status\", \"closed\": false}, \"node\": \"orders\"},{\"id\": \"orders_set_restaurant_closed\",\"icon\":\"fa-fw fas fa-door-closed\", \"event\": {\"category\": \"set_restaurant_status\", \"closed\": false}, \"node\": \"orders\"}]"
  }
},
{
  "model": "live.cardrow",
  "pk": 269,
  "fields": {
    "card": 53,
    "name": "Vidéo glitchs",
    "index": 3,
    "widget": "buttons_group",
    "widget_params": "[{\"id\":\"orders_play_glitching\",\"icon\":\"fa-fw fas fa-dice-one\",\"event\": {\"category\": \"play_overlay_video\", \"video_id\": \"glitching\"}, \"node\": \"orders\"},{\"id\": \"orders_play_glitching_less\",\"icon\":\"fa-fw fas fa-dice-two\", \"event\": {\"category\": \"play_overlay_video\", \"video_id\": \"glitching_less\"}, \"node\": \"orders\"}]"
  }
},
{
  "model": "live.cardrow",
  "pk": 270,
  "fields": {
    "card": 53,
    "name": "Mme Poivre stock",
    "index": 4,
    "widget": "buttons_group",
    "widget_params": "[{\"id\":\"orders_play_ms_pepper_stock\",\"icon\":\"fa-fw fas fa-video\",\"event\": {\"category\": \"play_overlay_video\", \"video_id\": \"ms_pepper_stock\"}, \"node\": \"orders\"}]"
  }
},
{
  "model": "live.cardrow",
  "pk": 271,
  "fields": {
    "card": 53,
    "name": "Mme Poivre merci",
    "index": 6,
    "widget": "buttons_group",
    "widget_params": "[{\"id\":\"orders_play_ms_pepper_says_thanks\",\"icon\":\"fa-fw fas fa-video\",\"event\": {\"category\": \"play_overlay_video\", \"video_id\": \"ms_pepper_says_thanks\"}, \"node\": \"orders\"}]"
  }
},
{
  "model": "live.cardrow",
  "pk": 272,
  "fields": {
    "card": 29,
    "name": "Vidéo Marmitron",
    "index": 0,
    "widget": "buttons_group",
    "widget_params": "[{\"id\":\"advertiser_play_street_idle\",\"icon\":\"fa-fw fas fa-video\",\"event\": {\"category\": \"play\", \"video_id\": \"street_idle\"}, \"node\": \"advertiser\"},{\"id\": \"advertiser_stop_street_idle\",\"icon\":\"fa-fw fas fa-video-slash\", \"event\": {\"category\": \"stop\", \"video_id\": \"street_idle\"}, \"node\": \"advertiser\"}]"
  }
},
{
  "model": "live.cardrow",
  "pk": 273,
  "fields": {
    "card": 29,
    "name": "Vidéo publicité glitchée",
    "index": 1,
    "widget": "buttons_group",
    "widget_params": "[{\"id\":\"advertiser_play_ads_glitch\",\"icon\":\"fa-fw fas fa-video\",\"event\": {\"category\": \"play\", \"video_id\": \"ads_glitch\"}, \"node\": \"advertiser\"},{\"id\": \"advertiser_stop_ads_glitch\",\"icon\":\"fa-fw fas fa-video-slash\", \"event\": {\"category\": \"stop\", \"video_id\": \"ads_glitch\"}, \"node\": \"advertiser\"}]"
  }
},
{
  "model": "live.cardrow",
  "pk": 274,
  "fields": {
    "card": 29,
    "name": "Vidéo publicité",
    "index": 2,
    "widget": "buttons_group",
    "widget_params": "[{\"id\":\"advertiser_play_ads_loop\",\"icon\":\"fa-fw fas fa-video\",\"event\": {\"category\": \"play\", \"video_id\": \"ads_loop\"}, \"node\": \"advertiser\"},{\"id\": \"advertiser_stop_ads_loop\",\"icon\":\"fa-fw fas fa-video-slash\", \"event\": {\"category\": \"stop\", \"video_id\": \"ads_loop\"}, \"node\": \"advertiser\"}]"
  }
},
{
  "model": "live.cardrow",
  "pk": 275,
  "fields": {
    "card": 29,
    "name": "Vidéo Mme Poivre",
    "index": 3,
    "widget": "buttons_group",
    "widget_params": "[{\"id\":\"advertiser_play_ms_pepper_here_you_are\",\"icon\":\"fa-fw fas fa-video\",\"event\": {\"category\": \"play\", \"video_id\": \"ms_pepper_here_you_are\"}, \"node\": \"advertiser\"},{\"id\": \"advertiser_stop_ms_pepper_here_you_are\",\"icon\":\"fa-fw fas fa-video-slash\", \"event\": {\"category\": \"stop\", \"video_id\": \"ms_pepper_here_you_are\"}, \"node\": \"advertiser\"}]"
  }
},
{
  "model": "live.cardrow",
  "pk": 276,
  "fields": {
    "card": 29,
    "name": "Interface menu",
    "index": 4,
    "widget": "buttons_group",
    "widget_params": "[{\"id\":\"street_display_reset\",\"icon\":\"fa-fw fas fa-undo-alt\",\"event\": {\"category\": \"reset\"}, \"node\": \"street_display\"}]"
  }
},
{
  "model": "live.cardrow",
  "pk": 277,
  "fields": {
    "card": 29,
    "name": "Porte",
    "index": 5,
    "widget": "buttons_group",
    "widget_params": "[{\"id\":\"front_door_open\",\"icon\":\"fa-fw fas fa-lock-open\", \"event\": {\"category\": \"unlock\"}, \"node\": \"front_door_magnet\"},{\"id\":\"front_door_close\",\"icon\":\"fa-fw fas fa-lock\", \"event\": {\"category\": \"lock\"}, \"node\": \"front_door_magnet\"}]"
  }
},
{
  "model": "editor.template",
  "pk": 323,
  "fields": {
    "category": "event",
    "index": 0,
    "name": "incoming_event",
    "context": "trigger"
  }
},
{
  "model": "editor.template",
  "pk": 324,
  "fields": {
    "category": "event",
    "index": 1,
    "name": "incoming_event_from_node",
    "context": "trigger"
  }
},
{
  "model": "editor.template",
  "pk": 325,
  "fields": {
    "category": "admin",
    "index": 2,
    "name": "admin_button_press",
    "context": "trigger"
  }
},
{
  "model": "editor.template",
  "pk": 326,
  "fields": {
    "category": "admin",
    "index": 3,
    "name": "admin_button_id_press",
    "context": "trigger"
  }
},
{
  "model": "editor.template",
  "pk": 327,
  "fields": {
    "category": "time",
    "index": 4,
    "name": "timed_trigger",
    "context": "trigger"
  }
},
{
  "model": "editor.template",
  "pk": 328,
  "fields": {
    "category": "time",
    "index": 5,
    "name": "periodic_trigger",
    "context": "trigger"
  }
},
{
  "model": "editor.template",
  "pk": 329,
  "fields": {
    "category": "time",
    "index": 6,
    "name": "timer_trigger",
    "context": "trigger"
  }
},
{
  "model": "editor.template",
  "pk": 330,
  "fields": {
    "category": "session",
    "index": 7,
    "name": "session_start",
    "context": "trigger"
  }
},
{
  "model": "editor.template",
  "pk": 331,
  "fields": {
    "category": "session",
    "index": 8,
    "name": "session_pause",
    "context": "trigger"
  }
},
{
  "model": "editor.template",
  "pk": 332,
  "fields": {
    "category": "session",
    "index": 9,
    "name": "session_resume",
    "context": "trigger"
  }
},
{
  "model": "editor.template",
  "pk": 333,
  "fields": {
    "category": "node",
    "index": 10,
    "name": "node_connected",
    "context": "trigger"
  }
},
{
  "model": "editor.template",
  "pk": 334,
  "fields": {
    "category": "node",
    "index": 11,
    "name": "specific_node_connected",
    "context": "trigger"
  }
},
{
  "model": "editor.template",
  "pk": 335,
  "fields": {
    "category": "node",
    "index": 12,
    "name": "node_disconnected",
    "context": "trigger"
  }
},
{
  "model": "editor.template",
  "pk": 336,
  "fields": {
    "category": "node",
    "index": 13,
    "name": "specific_node_disconnected",
    "context": "trigger"
  }
},
{
  "model": "editor.template",
  "pk": 337,
  "fields": {
    "category": "",
    "index": 14,
    "name": "simple_condition",
    "context": "condition"
  }
},
{
  "model": "editor.template",
  "pk": 338,
  "fields": {
    "category": "event",
    "index": 15,
    "name": "send_event_string",
    "context": "action"
  }
},
{
  "model": "editor.template",
  "pk": 339,
  "fields": {
    "category": "event",
    "index": 16,
    "name": "send_event_object",
    "context": "action"
  }
},
{
  "model": "editor.template",
  "pk": 340,
  "fields": {
    "category": "admin",
    "index": 17,
    "name": "push_notification",
    "context": "action"
  }
},
{
  "model": "editor.template",
  "pk": 341,
  "fields": {
    "category": "admin",
    "index": 18,
    "name": "add_record_now",
    "context": "action"
  }
},
{
  "model": "editor.template",
  "pk": 342,
  "fields": {
    "category": "admin",
    "index": 19,
    "name": "add_record",
    "context": "action"
  }
},
{
  "model": "editor.template",
  "pk": 343,
  "fields": {
    "category": "object",
    "index": 20,
    "name": "create_a_new_object",
    "context": "action"
  }
},
{
  "model": "editor.template",
  "pk": 344,
  "fields": {
    "category": "object",
    "index": 21,
    "name": "save_object_in_object",
    "context": "action"
  }
},
{
  "model": "editor.template",
  "pk": 345,
  "fields": {
    "category": "object",
    "index": 22,
    "name": "save_string_in_object",
    "context": "action"
  }
},
{
  "model": "editor.template",
  "pk": 346,
  "fields": {
    "category": "object",
    "index": 23,
    "name": "save_integer_in_object",
    "context": "action"
  }
},
{
  "model": "editor.template",
  "pk": 347,
  "fields": {
    "category": "object",
    "index": 24,
    "name": "save_real_in_object",
    "context": "action"
  }
},
{
  "model": "editor.template",
  "pk": 348,
  "fields": {
    "category": "object",
    "index": 25,
    "name": "save_boolean_in_object",
    "context": "action"
  }
},
{
  "model": "editor.template",
  "pk": 349,
  "fields": {
    "category": "timer",
    "index": 26,
    "name": "start_timer",
    "context": "action"
  }
},
{
  "model": "editor.template",
  "pk": 350,
  "fields": {
    "category": "timer",
    "index": 27,
    "name": "pause_timer",
    "context": "action"
  }
},
{
  "model": "editor.template",
  "pk": 351,
  "fields": {
    "category": "timer",
    "index": 28,
    "name": "resume_timer",
    "context": "action"
  }
},
{
  "model": "editor.template",
  "pk": 352,
  "fields": {
    "category": "game_session",
    "index": 29,
    "name": "run_game_session",
    "context": "action"
  }
},
{
  "model": "editor.template",
  "pk": 353,
  "fields": {
    "category": "game_session",
    "index": 30,
    "name": "halt_game_session",
    "context": "action"
  }
},
{
  "model": "editor.template",
  "pk": 354,
  "fields": {
    "category": "game_session",
    "index": 31,
    "name": "reset_game_session",
    "context": "action"
  }
},
{
  "model": "editor.template",
  "pk": 355,
  "fields": {
    "category": "",
    "index": 32,
    "name": "if_then_else_multiple_functions",
    "context": "action"
  }
},
{
  "model": "editor.template",
  "pk": 356,
  "fields": {
    "category": "",
    "index": 33,
    "name": "wait",
    "context": "action"
  }
},
{
  "model": "editor.template",
  "pk": 357,
  "fields": {
    "category": "",
    "index": 34,
    "name": "set_variable",
    "context": "action"
  }
},
{
  "model": "editor.template",
  "pk": 358,
  "fields": {
    "category": "",
    "index": 35,
    "name": "trigger_rule",
    "context": "action"
  }
},
{
  "model": "editor.template",
  "pk": 359,
  "fields": {
    "category": "",
    "index": 36,
    "name": "do_nothing",
    "context": "action"
  }
},
{
  "model": "editor.template",
  "pk": 360,
  "fields": {
    "category": "object",
    "index": 37,
    "name": "last_created_object",
    "context": "object"
  }
},
{
  "model": "editor.template",
  "pk": 361,
  "fields": {
    "category": "object",
    "index": 38,
    "name": "object_get_object",
    "context": "object"
  }
},
{
  "model": "editor.template",
  "pk": 362,
  "fields": {
    "category": "trigger",
    "index": 39,
    "name": "triggering_event_object",
    "context": "object"
  }
},
{
  "model": "editor.template",
  "pk": 363,
  "fields": {
    "category": "",
    "index": 40,
    "name": "substring",
    "context": "string"
  }
},
{
  "model": "editor.template",
  "pk": 364,
  "fields": {
    "category": "object",
    "index": 41,
    "name": "object_get_string",
    "context": "string"
  }
},
{
  "model": "editor.template",
  "pk": 365,
  "fields": {
    "category": "trigger",
    "index": 42,
    "name": "triggering_node_name",
    "context": "string"
  }
},
{
  "model": "editor.template",
  "pk": 366,
  "fields": {
    "category": "trigger",
    "index": 43,
    "name": "triggering_event_string",
    "context": "string"
  }
},
{
  "model": "editor.template",
  "pk": 367,
  "fields": {
    "category": "trigger",
    "index": 44,
    "name": "triggering_admin_button_id",
    "context": "string"
  }
},
{
  "model": "editor.template",
  "pk": 368,
  "fields": {
    "category": "conversion",
    "index": 45,
    "name": "real_to_string",
    "context": "string"
  }
},
{
  "model": "editor.template",
  "pk": 369,
  "fields": {
    "category": "conversion",
    "index": 46,
    "name": "boolean_to_string",
    "context": "string"
  }
},
{
  "model": "editor.template",
  "pk": 370,
  "fields": {
    "category": "conversion",
    "index": 47,
    "name": "object_to_string",
    "context": "string"
  }
},
{
  "model": "editor.template",
  "pk": 371,
  "fields": {
    "category": "conversion",
    "index": 48,
    "name": "integer_to_string",
    "context": "string"
  }
},
{
  "model": "editor.template",
  "pk": 372,
  "fields": {
    "category": "object",
    "index": 49,
    "name": "object_get_integer",
    "context": "integer"
  }
},
{
  "model": "editor.template",
  "pk": 373,
  "fields": {
    "category": "math",
    "index": 50,
    "name": "integer_arithmetic",
    "context": "integer"
  }
},
{
  "model": "editor.template",
  "pk": 374,
  "fields": {
    "category": "conversion",
    "index": 51,
    "name": "real_to_integer",
    "context": "integer"
  }
},
{
  "model": "editor.template",
  "pk": 375,
  "fields": {
    "category": "object",
    "index": 52,
    "name": "object_get_real",
    "context": "real"
  }
},
{
  "model": "editor.template",
  "pk": 376,
  "fields": {
    "category": "math",
    "index": 53,
    "name": "real_arithmetic",
    "context": "real"
  }
},
{
  "model": "editor.template",
  "pk": 377,
  "fields": {
    "category": "conversion",
    "index": 54,
    "name": "integer_to_real",
    "context": "real"
  }
},
{
  "model": "editor.template",
  "pk": 378,
  "fields": {
    "category": "timer",
    "index": 55,
    "name": "timer_remaining_time",
    "context": "real"
  }
},
{
  "model": "editor.template",
  "pk": 379,
  "fields": {
    "category": "game_session",
    "index": 56,
    "name": "session_time",
    "context": "integer"
  }
},
{
  "model": "editor.template",
  "pk": 380,
  "fields": {
    "category": "object",
    "index": 57,
    "name": "object_get_boolean",
    "context": "boolean"
  }
},
{
  "model": "editor.template",
  "pk": 381,
  "fields": {
    "category": "",
    "index": 58,
    "name": "boolean_not",
    "context": "boolean"
  }
},
{
  "model": "editor.template",
  "pk": 382,
  "fields": {
    "category": "",
    "index": 59,
    "name": "boolean_or",
    "context": "boolean"
  }
},
{
  "model": "editor.template",
  "pk": 383,
  "fields": {
    "category": "",
    "index": 60,
    "name": "boolean_and",
    "context": "boolean"
  }
},
{
  "model": "editor.template",
  "pk": 384,
  "fields": {
    "category": "",
    "index": 61,
    "name": "integer_comparison",
    "context": "boolean"
  }
},
{
  "model": "editor.template",
  "pk": 385,
  "fields": {
    "category": "",
    "index": 62,
    "name": "real_comparison",
    "context": "boolean"
  }
},
{
  "model": "editor.template",
  "pk": 386,
  "fields": {
    "category": "",
    "index": 63,
    "name": "string_comparison",
    "context": "boolean"
  }
},
{
  "model": "editor.template",
  "pk": 387,
  "fields": {
    "category": "",
    "index": 64,
    "name": "object_comparison",
    "context": "boolean"
  }
},
{
  "model": "editor.template",
  "pk": 388,
  "fields": {
    "category": "",
    "index": 65,
    "name": "boolean_comparison",
    "context": "boolean"
  }
},
{
  "model": "editor.template",
  "pk": 389,
  "fields": {
    "category": "timer",
    "index": 66,
    "name": "expiring_timer",
    "context": "timer"
  }
},
{
  "model": "editor.template",
  "pk": 390,
  "fields": {
    "category": "timer",
    "index": 67,
    "name": "last_started_timer",
    "context": "timer"
  }
},
{
  "model": "editor.templatelink",
  "pk": 968,
  "fields": {
    "template": 323,
    "index": 0,
    "type": "text",
    "locale": "an_event_has_been_received",
    "key": null,
    "value_type": "string",
    "default_value": null,
    "predefined_choices": ""
  }
},
{
  "model": "editor.templatelink",
  "pk": 969,
  "fields": {
    "template": 324,
    "index": 0,
    "type": "text",
    "locale": "an_event_has_been_received_from_node",
    "key": null,
    "value_type": "string",
    "default_value": null,
    "predefined_choices": ""
  }
},
{
  "model": "editor.templatelink",
  "pk": 970,
  "fields": {
    "template": 324,
    "index": 1,
    "type": "argument",
    "locale": null,
    "key": "node_name",
    "value_type": "string",
    "default_value": "\"node\"",
    "predefined_choices": ""
  }
},
{
  "model": "editor.templatelink",
  "pk": 971,
  "fields": {
    "template": 325,
    "index": 0,
    "type": "text",
    "locale": "an_admin_button_has_been_pressed",
    "key": null,
    "value_type": "string",
    "default_value": null,
    "predefined_choices": ""
  }
},
{
  "model": "editor.templatelink",
  "pk": 972,
  "fields": {
    "template": 326,
    "index": 0,
    "type": "text",
    "locale": "the_admin_button",
    "key": null,
    "value_type": "string",
    "default_value": null,
    "predefined_choices": ""
  }
},
{
  "model": "editor.templatelink",
  "pk": 973,
  "fields": {
    "template": 326,
    "index": 1,
    "type": "argument",
    "locale": null,
    "key": "button_id",
    "value_type": "string",
    "default_value": "\"id\"",
    "predefined_choices": ""
  }
},
{
  "model": "editor.templatelink",
  "pk": 974,
  "fields": {
    "template": 326,
    "index": 2,
    "type": "text",
    "locale": "has_been_pressed",
    "key": null,
    "value_type": "string",
    "default_value": null,
    "predefined_choices": ""
  }
},
{
  "model": "editor.templatelink",
  "pk": 975,
  "fields": {
    "template": 327,
    "index": 0,
    "type": "text",
    "locale": "after",
    "key": null,
    "value_type": "string",
    "default_value": null,
    "predefined_choices": ""
  }
},
{
  "model": "editor.templatelink",
  "pk": 976,
  "fields": {
    "template": 327,
    "index": 1,
    "type": "argument",
    "locale": null,
    "key": "session_time",
    "value_type": "real",
    "default_value": "1.00",
    "predefined_choices": ""
  }
},
{
  "model": "editor.templatelink",
  "pk": 977,
  "fields": {
    "template": 327,
    "index": 2,
    "type": "text",
    "locale": "seconds_of_session_time",
    "key": null,
    "value_type": "string",
    "default_value": null,
    "predefined_choices": ""
  }
},
{
  "model": "editor.templatelink",
  "pk": 978,
  "fields": {
    "template": 328,
    "index": 0,
    "type": "text",
    "locale": "every",
    "key": null,
    "value_type": "string",
    "default_value": null,
    "predefined_choices": ""
  }
},
{
  "model": "editor.templatelink",
  "pk": 979,
  "fields": {
    "template": 328,
    "index": 1,
    "type": "argument",
    "locale": null,
    "key": "period",
    "value_type": "real",
    "default_value": "1.00",
    "predefined_choices": ""
  }
},
{
  "model": "editor.templatelink",
  "pk": 980,
  "fields": {
    "template": 328,
    "index": 2,
    "type": "text",
    "locale": "seconds_of_session_time",
    "key": null,
    "value_type": "string",
    "default_value": null,
    "predefined_choices": ""
  }
},
{
  "model": "editor.templatelink",
  "pk": 981,
  "fields": {
    "template": 329,
    "index": 0,
    "type": "argument",
    "locale": null,
    "key": "timer",
    "value_type": "timer",
    "default_value": "null",
    "predefined_choices": ""
  }
},
{
  "model": "editor.templatelink",
  "pk": 982,
  "fields": {
    "template": 329,
    "index": 1,
    "type": "text",
    "locale": "expires",
    "key": null,
    "value_type": "string",
    "default_value": null,
    "predefined_choices": ""
  }
},
{
  "model": "editor.templatelink",
  "pk": 983,
  "fields": {
    "template": 330,
    "index": 0,
    "type": "text",
    "locale": "the_session_is_started",
    "key": null,
    "value_type": "string",
    "default_value": null,
    "predefined_choices": ""
  }
},
{
  "model": "editor.templatelink",
  "pk": 984,
  "fields": {
    "template": 331,
    "index": 0,
    "type": "text",
    "locale": "the_session_is_paused",
    "key": null,
    "value_type": "string",
    "default_value": null,
    "predefined_choices": ""
  }
},
{
  "model": "editor.templatelink",
  "pk": 985,
  "fields": {
    "template": 332,
    "index": 0,
    "type": "text",
    "locale": "the_session_is_resumed",
    "key": null,
    "value_type": "string",
    "default_value": null,
    "predefined_choices": ""
  }
},
{
  "model": "editor.templatelink",
  "pk": 986,
  "fields": {
    "template": 333,
    "index": 0,
    "type": "text",
    "locale": "a_node_has_connected",
    "key": null,
    "value_type": "string",
    "default_value": null,
    "predefined_choices": ""
  }
},
{
  "model": "editor.templatelink",
  "pk": 987,
  "fields": {
    "template": 334,
    "index": 0,
    "type": "text",
    "locale": "a_node_named_",
    "key": null,
    "value_type": "string",
    "default_value": null,
    "predefined_choices": ""
  }
},
{
  "model": "editor.templatelink",
  "pk": 988,
  "fields": {
    "template": 334,
    "index": 1,
    "type": "argument",
    "locale": null,
    "key": "node_name",
    "value_type": "string",
    "default_value": "\"node\"",
    "predefined_choices": ""
  }
},
{
  "model": "editor.templatelink",
  "pk": 989,
  "fields": {
    "template": 334,
    "index": 2,
    "type": "text",
    "locale": "_has_connected",
    "key": null,
    "value_type": "string",
    "default_value": null,
    "predefined_choices": ""
  }
},
{
  "model": "editor.templatelink",
  "pk": 990,
  "fields": {
    "template": 335,
    "index": 0,
    "type": "text",
    "locale": "a_node_has_disconnected",
    "key": null,
    "value_type": "string",
    "default_value": null,
    "predefined_choices": ""
  }
},
{
  "model": "editor.templatelink",
  "pk": 991,
  "fields": {
    "template": 336,
    "index": 0,
    "type": "text",
    "locale": "a_node_named_",
    "key": null,
    "value_type": "string",
    "default_value": null,
    "predefined_choices": ""
  }
},
{
  "model": "editor.templatelink",
  "pk": 992,
  "fields": {
    "template": 336,
    "index": 1,
    "type": "argument",
    "locale": null,
    "key": "node_name",
    "value_type": "string",
    "default_value": "\"node\"",
    "predefined_choices": ""
  }
},
{
  "model": "editor.templatelink",
  "pk": 993,
  "fields": {
    "template": 336,
    "index": 2,
    "type": "text",
    "locale": "_has_disconnected",
    "key": null,
    "value_type": "string",
    "default_value": null,
    "predefined_choices": ""
  }
},
{
  "model": "editor.templatelink",
  "pk": 994,
  "fields": {
    "template": 337,
    "index": 0,
    "type": "text",
    "locale": "if",
    "key": null,
    "value_type": "string",
    "default_value": null,
    "predefined_choices": ""
  }
},
{
  "model": "editor.templatelink",
  "pk": 995,
  "fields": {
    "template": 337,
    "index": 1,
    "type": "argument",
    "locale": null,
    "key": "condition",
    "value_type": "boolean",
    "default_value": "true",
    "predefined_choices": ""
  }
},
{
  "model": "editor.templatelink",
  "pk": 996,
  "fields": {
    "template": 338,
    "index": 0,
    "type": "text",
    "locale": "send_event",
    "key": null,
    "value_type": "string",
    "default_value": null,
    "predefined_choices": ""
  }
},
{
  "model": "editor.templatelink",
  "pk": 997,
  "fields": {
    "template": 338,
    "index": 1,
    "type": "argument",
    "locale": null,
    "key": "event",
    "value_type": "string",
    "default_value": "\"hello\"",
    "predefined_choices": ""
  }
},
{
  "model": "editor.templatelink",
  "pk": 998,
  "fields": {
    "template": 338,
    "index": 2,
    "type": "text",
    "locale": "to_node",
    "key": null,
    "value_type": "string",
    "default_value": null,
    "predefined_choices": ""
  }
},
{
  "model": "editor.templatelink",
  "pk": 999,
  "fields": {
    "template": 338,
    "index": 3,
    "type": "argument",
    "locale": null,
    "key": "node_name",
    "value_type": "string",
    "default_value": "\"node\"",
    "predefined_choices": ""
  }
},
{
  "model": "editor.templatelink",
  "pk": 1000,
  "fields": {
    "template": 339,
    "index": 0,
    "type": "text",
    "locale": "send_event",
    "key": null,
    "value_type": "string",
    "default_value": null,
    "predefined_choices": ""
  }
},
{
  "model": "editor.templatelink",
  "pk": 1001,
  "fields": {
    "template": 339,
    "index": 1,
    "type": "argument",
    "locale": null,
    "key": "event",
    "value_type": "object",
    "default_value": "{\"template\": \"last_created_object\", \"arguments\": {}}",
    "predefined_choices": ""
  }
},
{
  "model": "editor.templatelink",
  "pk": 1002,
  "fields": {
    "template": 339,
    "index": 2,
    "type": "text",
    "locale": "to_node",
    "key": null,
    "value_type": "string",
    "default_value": null,
    "predefined_choices": ""
  }
},
{
  "model": "editor.templatelink",
  "pk": 1003,
  "fields": {
    "template": 339,
    "index": 3,
    "type": "argument",
    "locale": null,
    "key": "node_name",
    "value_type": "string",
    "default_value": "\"node\"",
    "predefined_choices": ""
  }
},
{
  "model": "editor.templatelink",
  "pk": 1004,
  "fields": {
    "template": 340,
    "index": 0,
    "type": "text",
    "locale": "push_an",
    "key": null,
    "value_type": "string",
    "default_value": null,
    "predefined_choices": ""
  }
},
{
  "model": "editor.templatelink",
  "pk": 1005,
  "fields": {
    "template": 340,
    "index": 1,
    "type": "argument",
    "locale": null,
    "key": "type",
    "value_type": "predefined",
    "default_value": "\"info\"",
    "predefined_choices": "info,error"
  }
},
{
  "model": "editor.templatelink",
  "pk": 1006,
  "fields": {
    "template": 340,
    "index": 2,
    "type": "text",
    "locale": "notification_on_the_admin_interface_with_message",
    "key": null,
    "value_type": "string",
    "default_value": null,
    "predefined_choices": ""
  }
},
{
  "model": "editor.templatelink",
  "pk": 1007,
  "fields": {
    "template": 340,
    "index": 3,
    "type": "argument",
    "locale": null,
    "key": "message",
    "value_type": "string",
    "default_value": "\"message\"",
    "predefined_choices": ""
  }
},
{
  "model": "editor.templatelink",
  "pk": 1008,
  "fields": {
    "template": 341,
    "index": 0,
    "type": "text",
    "locale": "add_a_record_now_with_label",
    "key": null,
    "value_type": "string",
    "default_value": null,
    "predefined_choices": ""
  }
},
{
  "model": "editor.templatelink",
  "pk": 1009,
  "fields": {
    "template": 341,
    "index": 1,
    "type": "argument",
    "locale": null,
    "key": "label",
    "value_type": "string",
    "default_value": "\"label\"",
    "predefined_choices": ""
  }
},
{
  "model": "editor.templatelink",
  "pk": 1010,
  "fields": {
    "template": 342,
    "index": 0,
    "type": "text",
    "locale": "add_a_record_at",
    "key": null,
    "value_type": "string",
    "default_value": null,
    "predefined_choices": ""
  }
},
{
  "model": "editor.templatelink",
  "pk": 1011,
  "fields": {
    "template": 342,
    "index": 1,
    "type": "argument",
    "locale": null,
    "key": "session_time",
    "value_type": "real",
    "default_value": "0",
    "predefined_choices": ""
  }
},
{
  "model": "editor.templatelink",
  "pk": 1012,
  "fields": {
    "template": 342,
    "index": 2,
    "type": "text",
    "locale": "seconds_with_label",
    "key": null,
    "value_type": "string",
    "default_value": null,
    "predefined_choices": ""
  }
},
{
  "model": "editor.templatelink",
  "pk": 1013,
  "fields": {
    "template": 342,
    "index": 3,
    "type": "argument",
    "locale": null,
    "key": "label",
    "value_type": "string",
    "default_value": "\"label\"",
    "predefined_choices": ""
  }
},
{
  "model": "editor.templatelink",
  "pk": 1014,
  "fields": {
    "template": 343,
    "index": 0,
    "type": "text",
    "locale": "create_a_new_object",
    "key": null,
    "value_type": "string",
    "default_value": null,
    "predefined_choices": ""
  }
},
{
  "model": "editor.templatelink",
  "pk": 1015,
  "fields": {
    "template": 344,
    "index": 0,
    "type": "text",
    "locale": "save",
    "key": null,
    "value_type": "string",
    "default_value": null,
    "predefined_choices": ""
  }
},
{
  "model": "editor.templatelink",
  "pk": 1016,
  "fields": {
    "template": 344,
    "index": 1,
    "type": "argument",
    "locale": null,
    "key": "value",
    "value_type": "object",
    "default_value": "{\"template\": \"last_created_object\", \"arguments\": {}}",
    "predefined_choices": ""
  }
},
{
  "model": "editor.templatelink",
  "pk": 1017,
  "fields": {
    "template": 344,
    "index": 2,
    "type": "text",
    "locale": "with_key",
    "key": null,
    "value_type": "string",
    "default_value": null,
    "predefined_choices": ""
  }
},
{
  "model": "editor.templatelink",
  "pk": 1018,
  "fields": {
    "template": 344,
    "index": 3,
    "type": "argument",
    "locale": null,
    "key": "key",
    "value_type": "string",
    "default_value": "\"key\"",
    "predefined_choices": ""
  }
},
{
  "model": "editor.templatelink",
  "pk": 1019,
  "fields": {
    "template": 344,
    "index": 4,
    "type": "text",
    "locale": "in_object",
    "key": null,
    "value_type": "string",
    "default_value": null,
    "predefined_choices": ""
  }
},
{
  "model": "editor.templatelink",
  "pk": 1020,
  "fields": {
    "template": 344,
    "index": 5,
    "type": "argument",
    "locale": null,
    "key": "object",
    "value_type": "object",
    "default_value": "{\"template\": \"last_created_object\", \"arguments\": {}}",
    "predefined_choices": ""
  }
},
{
  "model": "editor.templatelink",
  "pk": 1021,
  "fields": {
    "template": 345,
    "index": 0,
    "type": "text",
    "locale": "save",
    "key": null,
    "value_type": "string",
    "default_value": null,
    "predefined_choices": ""
  }
},
{
  "model": "editor.templatelink",
  "pk": 1022,
  "fields": {
    "template": 345,
    "index": 1,
    "type": "argument",
    "locale": null,
    "key": "value",
    "value_type": "string",
    "default_value": "\"hello\"",
    "predefined_choices": ""
  }
},
{
  "model": "editor.templatelink",
  "pk": 1023,
  "fields": {
    "template": 345,
    "index": 2,
    "type": "text",
    "locale": "with_key",
    "key": null,
    "value_type": "string",
    "default_value": null,
    "predefined_choices": ""
  }
},
{
  "model": "editor.templatelink",
  "pk": 1024,
  "fields": {
    "template": 345,
    "index": 3,
    "type": "argument",
    "locale": null,
    "key": "key",
    "value_type": "string",
    "default_value": "\"key\"",
    "predefined_choices": ""
  }
},
{
  "model": "editor.templatelink",
  "pk": 1025,
  "fields": {
    "template": 345,
    "index": 4,
    "type": "text",
    "locale": "in_object",
    "key": null,
    "value_type": "string",
    "default_value": null,
    "predefined_choices": ""
  }
},
{
  "model": "editor.templatelink",
  "pk": 1026,
  "fields": {
    "template": 345,
    "index": 5,
    "type": "argument",
    "locale": null,
    "key": "object",
    "value_type": "object",
    "default_value": "{\"template\": \"last_created_object\", \"arguments\": {}}",
    "predefined_choices": ""
  }
},
{
  "model": "editor.templatelink",
  "pk": 1027,
  "fields": {
    "template": 346,
    "index": 0,
    "type": "text",
    "locale": "save",
    "key": null,
    "value_type": "string",
    "default_value": null,
    "predefined_choices": ""
  }
},
{
  "model": "editor.templatelink",
  "pk": 1028,
  "fields": {
    "template": 346,
    "index": 1,
    "type": "argument",
    "locale": null,
    "key": "value",
    "value_type": "integer",
    "default_value": "1",
    "predefined_choices": ""
  }
},
{
  "model": "editor.templatelink",
  "pk": 1029,
  "fields": {
    "template": 346,
    "index": 2,
    "type": "text",
    "locale": "with_key",
    "key": null,
    "value_type": "string",
    "default_value": null,
    "predefined_choices": ""
  }
},
{
  "model": "editor.templatelink",
  "pk": 1030,
  "fields": {
    "template": 346,
    "index": 3,
    "type": "argument",
    "locale": null,
    "key": "key",
    "value_type": "string",
    "default_value": "\"key\"",
    "predefined_choices": ""
  }
},
{
  "model": "editor.templatelink",
  "pk": 1031,
  "fields": {
    "template": 346,
    "index": 4,
    "type": "text",
    "locale": "in_object",
    "key": null,
    "value_type": "string",
    "default_value": null,
    "predefined_choices": ""
  }
},
{
  "model": "editor.templatelink",
  "pk": 1032,
  "fields": {
    "template": 346,
    "index": 5,
    "type": "argument",
    "locale": null,
    "key": "object",
    "value_type": "object",
    "default_value": "{\"template\": \"last_created_object\", \"arguments\": {}}",
    "predefined_choices": ""
  }
},
{
  "model": "editor.templatelink",
  "pk": 1033,
  "fields": {
    "template": 347,
    "index": 0,
    "type": "text",
    "locale": "save",
    "key": null,
    "value_type": "string",
    "default_value": null,
    "predefined_choices": ""
  }
},
{
  "model": "editor.templatelink",
  "pk": 1034,
  "fields": {
    "template": 347,
    "index": 1,
    "type": "argument",
    "locale": null,
    "key": "value",
    "value_type": "real",
    "default_value": "1.5",
    "predefined_choices": ""
  }
},
{
  "model": "editor.templatelink",
  "pk": 1035,
  "fields": {
    "template": 347,
    "index": 2,
    "type": "text",
    "locale": "with_key",
    "key": null,
    "value_type": "string",
    "default_value": null,
    "predefined_choices": ""
  }
},
{
  "model": "editor.templatelink",
  "pk": 1036,
  "fields": {
    "template": 347,
    "index": 3,
    "type": "argument",
    "locale": null,
    "key": "key",
    "value_type": "string",
    "default_value": "\"key\"",
    "predefined_choices": ""
  }
},
{
  "model": "editor.templatelink",
  "pk": 1037,
  "fields": {
    "template": 347,
    "index": 4,
    "type": "text",
    "locale": "in_object",
    "key": null,
    "value_type": "string",
    "default_value": null,
    "predefined_choices": ""
  }
},
{
  "model": "editor.templatelink",
  "pk": 1038,
  "fields": {
    "template": 347,
    "index": 5,
    "type": "argument",
    "locale": null,
    "key": "object",
    "value_type": "object",
    "default_value": "{\"template\": \"last_created_object\", \"arguments\": {}}",
    "predefined_choices": ""
  }
},
{
  "model": "editor.templatelink",
  "pk": 1039,
  "fields": {
    "template": 348,
    "index": 0,
    "type": "text",
    "locale": "save",
    "key": null,
    "value_type": "string",
    "default_value": null,
    "predefined_choices": ""
  }
},
{
  "model": "editor.templatelink",
  "pk": 1040,
  "fields": {
    "template": 348,
    "index": 1,
    "type": "argument",
    "locale": null,
    "key": "value",
    "value_type": "boolean",
    "default_value": "true",
    "predefined_choices": ""
  }
},
{
  "model": "editor.templatelink",
  "pk": 1041,
  "fields": {
    "template": 348,
    "index": 2,
    "type": "text",
    "locale": "with_key",
    "key": null,
    "value_type": "string",
    "default_value": null,
    "predefined_choices": ""
  }
},
{
  "model": "editor.templatelink",
  "pk": 1042,
  "fields": {
    "template": 348,
    "index": 3,
    "type": "argument",
    "locale": null,
    "key": "key",
    "value_type": "string",
    "default_value": "\"key\"",
    "predefined_choices": ""
  }
},
{
  "model": "editor.templatelink",
  "pk": 1043,
  "fields": {
    "template": 348,
    "index": 4,
    "type": "text",
    "locale": "in_object",
    "key": null,
    "value_type": "string",
    "default_value": null,
    "predefined_choices": ""
  }
},
{
  "model": "editor.templatelink",
  "pk": 1044,
  "fields": {
    "template": 348,
    "index": 5,
    "type": "argument",
    "locale": null,
    "key": "object",
    "value_type": "object",
    "default_value": "{\"template\": \"last_created_object\", \"arguments\": {}}",
    "predefined_choices": ""
  }
},
{
  "model": "editor.templatelink",
  "pk": 1045,
  "fields": {
    "template": 349,
    "index": 0,
    "type": "text",
    "locale": "start_timer",
    "key": null,
    "value_type": "string",
    "default_value": null,
    "predefined_choices": ""
  }
},
{
  "model": "editor.templatelink",
  "pk": 1046,
  "fields": {
    "template": 349,
    "index": 1,
    "type": "argument",
    "locale": null,
    "key": "timer",
    "value_type": "timer",
    "default_value": "{\"template\": \"expiring_timer\", \"arguments\": {}}",
    "predefined_choices": ""
  }
},
{
  "model": "editor.templatelink",
  "pk": 1047,
  "fields": {
    "template": 349,
    "index": 2,
    "type": "text",
    "locale": "as_a",
    "key": null,
    "value_type": "string",
    "default_value": null,
    "predefined_choices": ""
  }
},
{
  "model": "editor.templatelink",
  "pk": 1048,
  "fields": {
    "template": 349,
    "index": 3,
    "type": "argument",
    "locale": null,
    "key": "type",
    "value_type": "predefined",
    "default_value": "\"one_shot\"",
    "predefined_choices": "one_shot,periodic"
  }
},
{
  "model": "editor.templatelink",
  "pk": 1049,
  "fields": {
    "template": 349,
    "index": 4,
    "type": "text",
    "locale": "timer_that_will_expire_in",
    "key": null,
    "value_type": "string",
    "default_value": null,
    "predefined_choices": ""
  }
},
{
  "model": "editor.templatelink",
  "pk": 1050,
  "fields": {
    "template": 349,
    "index": 5,
    "type": "argument",
    "locale": null,
    "key": "time",
    "value_type": "real",
    "default_value": "30.00",
    "predefined_choices": ""
  }
},
{
  "model": "editor.templatelink",
  "pk": 1051,
  "fields": {
    "template": 349,
    "index": 6,
    "type": "text",
    "locale": "seconds",
    "key": null,
    "value_type": "string",
    "default_value": null,
    "predefined_choices": ""
  }
},
{
  "model": "editor.templatelink",
  "pk": 1052,
  "fields": {
    "template": 350,
    "index": 0,
    "type": "text",
    "locale": "pause",
    "key": null,
    "value_type": "string",
    "default_value": null,
    "predefined_choices": ""
  }
},
{
  "model": "editor.templatelink",
  "pk": 1053,
  "fields": {
    "template": 350,
    "index": 1,
    "type": "argument",
    "locale": null,
    "key": "timer",
    "value_type": "timer",
    "default_value": "{\"template\": \"last_started_timer\", \"arguments\": {}}",
    "predefined_choices": ""
  }
},
{
  "model": "editor.templatelink",
  "pk": 1054,
  "fields": {
    "template": 351,
    "index": 0,
    "type": "text",
    "locale": "resume",
    "key": null,
    "value_type": "string",
    "default_value": null,
    "predefined_choices": ""
  }
},
{
  "model": "editor.templatelink",
  "pk": 1055,
  "fields": {
    "template": 351,
    "index": 1,
    "type": "argument",
    "locale": null,
    "key": "timer",
    "value_type": "timer",
    "default_value": "{\"template\": \"last_started_timer\", \"arguments\": {}}",
    "predefined_choices": ""
  }
},
{
  "model": "editor.templatelink",
  "pk": 1056,
  "fields": {
    "template": 352,
    "index": 0,
    "type": "text",
    "locale": "run_game_session",
    "key": null,
    "value_type": "string",
    "default_value": null,
    "predefined_choices": ""
  }
},
{
  "model": "editor.templatelink",
  "pk": 1057,
  "fields": {
    "template": 353,
    "index": 0,
    "type": "text",
    "locale": "halt_game_session",
    "key": null,
    "value_type": "string",
    "default_value": null,
    "predefined_choices": ""
  }
},
{
  "model": "editor.templatelink",
  "pk": 1058,
  "fields": {
    "template": 354,
    "index": 0,
    "type": "text",
    "locale": "reset_game_session",
    "key": null,
    "value_type": "string",
    "default_value": null,
    "predefined_choices": ""
  }
},
{
  "model": "editor.templatelink",
  "pk": 1059,
  "fields": {
    "template": 355,
    "index": 0,
    "type": "text",
    "locale": "if_then_do_else_do",
    "key": null,
    "value_type": "string",
    "default_value": null,
    "predefined_choices": ""
  }
},
{
  "model": "editor.templatelink",
  "pk": 1060,
  "fields": {
    "template": 356,
    "index": 0,
    "type": "text",
    "locale": "wait",
    "key": null,
    "value_type": "string",
    "default_value": null,
    "predefined_choices": ""
  }
},
{
  "model": "editor.templatelink",
  "pk": 1061,
  "fields": {
    "template": 356,
    "index": 1,
    "type": "argument",
    "locale": null,
    "key": "time",
    "value_type": "real",
    "default_value": "1.5",
    "predefined_choices": ""
  }
},
{
  "model": "editor.templatelink",
  "pk": 1062,
  "fields": {
    "template": 356,
    "index": 2,
    "type": "text",
    "locale": "seconds",
    "key": null,
    "value_type": "string",
    "default_value": null,
    "predefined_choices": ""
  }
},
{
  "model": "editor.templatelink",
  "pk": 1063,
  "fields": {
    "template": 357,
    "index": 0,
    "type": "text",
    "locale": "set_value_of_variable",
    "key": null,
    "value_type": "string",
    "default_value": null,
    "predefined_choices": ""
  }
},
{
  "model": "editor.templatelink",
  "pk": 1064,
  "fields": {
    "template": 357,
    "index": 1,
    "type": "argument",
    "locale": null,
    "key": "variable",
    "value_type": "variable",
    "default_value": "null",
    "predefined_choices": ""
  }
},
{
  "model": "editor.templatelink",
  "pk": 1065,
  "fields": {
    "template": 357,
    "index": 2,
    "type": "text",
    "locale": "to",
    "key": null,
    "value_type": "string",
    "default_value": null,
    "predefined_choices": ""
  }
},
{
  "model": "editor.templatelink",
  "pk": 1066,
  "fields": {
    "template": 357,
    "index": 3,
    "type": "argument",
    "locale": null,
    "key": "value",
    "value_type": "disabled",
    "default_value": "null",
    "predefined_choices": ""
  }
},
{
  "model": "editor.templatelink",
  "pk": 1067,
  "fields": {
    "template": 358,
    "index": 0,
    "type": "text",
    "locale": "trigger_rule",
    "key": null,
    "value_type": "string",
    "default_value": null,
    "predefined_choices": ""
  }
},
{
  "model": "editor.templatelink",
  "pk": 1068,
  "fields": {
    "template": 358,
    "index": 1,
    "type": "argument",
    "locale": null,
    "key": "rule",
    "value_type": "predefined",
    "default_value": "{\"rule\": null}",
    "predefined_choices": "<rules>"
  }
},
{
  "model": "editor.templatelink",
  "pk": 1069,
  "fields": {
    "template": 359,
    "index": 0,
    "type": "text",
    "locale": "do_nothing",
    "key": null,
    "value_type": "string",
    "default_value": null,
    "predefined_choices": ""
  }
},
{
  "model": "editor.templatelink",
  "pk": 1070,
  "fields": {
    "template": 360,
    "index": 0,
    "type": "text",
    "locale": "last_created_object",
    "key": null,
    "value_type": "string",
    "default_value": null,
    "predefined_choices": ""
  }
},
{
  "model": "editor.templatelink",
  "pk": 1071,
  "fields": {
    "template": 361,
    "index": 0,
    "type": "text",
    "locale": "get_object_associated_with_key",
    "key": null,
    "value_type": "string",
    "default_value": null,
    "predefined_choices": ""
  }
},
{
  "model": "editor.templatelink",
  "pk": 1072,
  "fields": {
    "template": 361,
    "index": 1,
    "type": "argument",
    "locale": null,
    "key": "key",
    "value_type": "string",
    "default_value": "\"key\"",
    "predefined_choices": ""
  }
},
{
  "model": "editor.templatelink",
  "pk": 1073,
  "fields": {
    "template": 361,
    "index": 2,
    "type": "text",
    "locale": "in_object",
    "key": null,
    "value_type": "string",
    "default_value": null,
    "predefined_choices": ""
  }
},
{
  "model": "editor.templatelink",
  "pk": 1074,
  "fields": {
    "template": 361,
    "index": 3,
    "type": "argument",
    "locale": null,
    "key": "object",
    "value_type": "object",
    "default_value": "{\"template\": \"last_created_object\", \"arguments\": {}}",
    "predefined_choices": ""
  }
},
{
  "model": "editor.templatelink",
  "pk": 1075,
  "fields": {
    "template": 362,
    "index": 0,
    "type": "text",
    "locale": "triggering_event_object",
    "key": null,
    "value_type": "string",
    "default_value": null,
    "predefined_choices": ""
  }
},
{
  "model": "editor.templatelink",
  "pk": 1076,
  "fields": {
    "template": 363,
    "index": 0,
    "type": "text",
    "locale": "all_characters_of_string_",
    "key": null,
    "value_type": "string",
    "default_value": null,
    "predefined_choices": ""
  }
},
{
  "model": "editor.templatelink",
  "pk": 1077,
  "fields": {
    "template": 363,
    "index": 1,
    "type": "argument",
    "locale": null,
    "key": "string",
    "value_type": "string",
    "default_value": "\"hello\"",
    "predefined_choices": ""
  }
},
{
  "model": "editor.templatelink",
  "pk": 1078,
  "fields": {
    "template": 363,
    "index": 2,
    "type": "text",
    "locale": "_between_positions_",
    "key": null,
    "value_type": "string",
    "default_value": null,
    "predefined_choices": ""
  }
},
{
  "model": "editor.templatelink",
  "pk": 1079,
  "fields": {
    "template": 363,
    "index": 3,
    "type": "argument",
    "locale": null,
    "key": "first_char",
    "value_type": "integer",
    "default_value": "0",
    "predefined_choices": ""
  }
},
{
  "model": "editor.templatelink",
  "pk": 1080,
  "fields": {
    "template": 363,
    "index": 4,
    "type": "text",
    "locale": "_and_",
    "key": null,
    "value_type": "string",
    "default_value": null,
    "predefined_choices": ""
  }
},
{
  "model": "editor.templatelink",
  "pk": 1081,
  "fields": {
    "template": 363,
    "index": 5,
    "type": "argument",
    "locale": null,
    "key": "last_char",
    "value_type": "integer",
    "default_value": "3",
    "predefined_choices": ""
  }
},
{
  "model": "editor.templatelink",
  "pk": 1082,
  "fields": {
    "template": 363,
    "index": 6,
    "type": "text",
    "locale": "_included",
    "key": null,
    "value_type": "string",
    "default_value": null,
    "predefined_choices": ""
  }
},
{
  "model": "editor.templatelink",
  "pk": 1083,
  "fields": {
    "template": 364,
    "index": 0,
    "type": "text",
    "locale": "get_string_associated_with_key",
    "key": null,
    "value_type": "string",
    "default_value": null,
    "predefined_choices": ""
  }
},
{
  "model": "editor.templatelink",
  "pk": 1084,
  "fields": {
    "template": 364,
    "index": 1,
    "type": "argument",
    "locale": null,
    "key": "key",
    "value_type": "string",
    "default_value": "\"key\"",
    "predefined_choices": ""
  }
},
{
  "model": "editor.templatelink",
  "pk": 1085,
  "fields": {
    "template": 364,
    "index": 2,
    "type": "text",
    "locale": "in_object",
    "key": null,
    "value_type": "string",
    "default_value": null,
    "predefined_choices": ""
  }
},
{
  "model": "editor.templatelink",
  "pk": 1086,
  "fields": {
    "template": 364,
    "index": 3,
    "type": "argument",
    "locale": null,
    "key": "object",
    "value_type": "object",
    "default_value": "{\"template\": \"last_created_object\", \"arguments\": {}}",
    "predefined_choices": ""
  }
},
{
  "model": "editor.templatelink",
  "pk": 1087,
  "fields": {
    "template": 365,
    "index": 0,
    "type": "text",
    "locale": "triggering_node",
    "key": null,
    "value_type": "string",
    "default_value": null,
    "predefined_choices": ""
  }
},
{
  "model": "editor.templatelink",
  "pk": 1088,
  "fields": {
    "template": 366,
    "index": 0,
    "type": "text",
    "locale": "triggering_event_string",
    "key": null,
    "value_type": "string",
    "default_value": null,
    "predefined_choices": ""
  }
},
{
  "model": "editor.templatelink",
  "pk": 1089,
  "fields": {
    "template": 367,
    "index": 0,
    "type": "text",
    "locale": "triggering_admin_button_id",
    "key": null,
    "value_type": "string",
    "default_value": null,
    "predefined_choices": ""
  }
},
{
  "model": "editor.templatelink",
  "pk": 1090,
  "fields": {
    "template": 368,
    "index": 0,
    "type": "text",
    "locale": "string(",
    "key": null,
    "value_type": "string",
    "default_value": null,
    "predefined_choices": ""
  }
},
{
  "model": "editor.templatelink",
  "pk": 1091,
  "fields": {
    "template": 368,
    "index": 1,
    "type": "argument",
    "locale": null,
    "key": "real",
    "value_type": "real",
    "default_value": "1.5",
    "predefined_choices": ""
  }
},
{
  "model": "editor.templatelink",
  "pk": 1092,
  "fields": {
    "template": 368,
    "index": 2,
    "type": "text",
    "locale": ")",
    "key": null,
    "value_type": "string",
    "default_value": null,
    "predefined_choices": ""
  }
},
{
  "model": "editor.templatelink",
  "pk": 1093,
  "fields": {
    "template": 369,
    "index": 0,
    "type": "text",
    "locale": "string(",
    "key": null,
    "value_type": "string",
    "default_value": null,
    "predefined_choices": ""
  }
},
{
  "model": "editor.templatelink",
  "pk": 1094,
  "fields": {
    "template": 369,
    "index": 1,
    "type": "argument",
    "locale": null,
    "key": "boolean",
    "value_type": "boolean",
    "default_value": "true",
    "predefined_choices": ""
  }
},
{
  "model": "editor.templatelink",
  "pk": 1095,
  "fields": {
    "template": 369,
    "index": 2,
    "type": "text",
    "locale": ")",
    "key": null,
    "value_type": "string",
    "default_value": null,
    "predefined_choices": ""
  }
},
{
  "model": "editor.templatelink",
  "pk": 1096,
  "fields": {
    "template": 370,
    "index": 0,
    "type": "text",
    "locale": "string(",
    "key": null,
    "value_type": "string",
    "default_value": null,
    "predefined_choices": ""
  }
},
{
  "model": "editor.templatelink",
  "pk": 1097,
  "fields": {
    "template": 370,
    "index": 1,
    "type": "argument",
    "locale": null,
    "key": "object",
    "value_type": "object",
    "default_value": "{\"template\": \"last_created_object\", \"arguments\": {}}",
    "predefined_choices": ""
  }
},
{
  "model": "editor.templatelink",
  "pk": 1098,
  "fields": {
    "template": 370,
    "index": 2,
    "type": "text",
    "locale": ")",
    "key": null,
    "value_type": "string",
    "default_value": null,
    "predefined_choices": ""
  }
},
{
  "model": "editor.templatelink",
  "pk": 1099,
  "fields": {
    "template": 371,
    "index": 0,
    "type": "text",
    "locale": "string(",
    "key": null,
    "value_type": "string",
    "default_value": null,
    "predefined_choices": ""
  }
},
{
  "model": "editor.templatelink",
  "pk": 1100,
  "fields": {
    "template": 371,
    "index": 1,
    "type": "argument",
    "locale": null,
    "key": "integer",
    "value_type": "integer",
    "default_value": "1",
    "predefined_choices": ""
  }
},
{
  "model": "editor.templatelink",
  "pk": 1101,
  "fields": {
    "template": 371,
    "index": 2,
    "type": "text",
    "locale": ")",
    "key": null,
    "value_type": "string",
    "default_value": null,
    "predefined_choices": ""
  }
},
{
  "model": "editor.templatelink",
  "pk": 1102,
  "fields": {
    "template": 372,
    "index": 0,
    "type": "text",
    "locale": "get_integer_associated_with_key",
    "key": null,
    "value_type": "string",
    "default_value": null,
    "predefined_choices": ""
  }
},
{
  "model": "editor.templatelink",
  "pk": 1103,
  "fields": {
    "template": 372,
    "index": 1,
    "type": "argument",
    "locale": null,
    "key": "key",
    "value_type": "string",
    "default_value": "\"key\"",
    "predefined_choices": ""
  }
},
{
  "model": "editor.templatelink",
  "pk": 1104,
  "fields": {
    "template": 372,
    "index": 2,
    "type": "text",
    "locale": "in_object",
    "key": null,
    "value_type": "string",
    "default_value": null,
    "predefined_choices": ""
  }
},
{
  "model": "editor.templatelink",
  "pk": 1105,
  "fields": {
    "template": 372,
    "index": 3,
    "type": "argument",
    "locale": null,
    "key": "object",
    "value_type": "object",
    "default_value": "{\"template\": \"last_created_object\", \"arguments\": {}}",
    "predefined_choices": ""
  }
},
{
  "model": "editor.templatelink",
  "pk": 1106,
  "fields": {
    "template": 373,
    "index": 0,
    "type": "argument",
    "locale": null,
    "key": "left",
    "value_type": "integer",
    "default_value": "1",
    "predefined_choices": ""
  }
},
{
  "model": "editor.templatelink",
  "pk": 1107,
  "fields": {
    "template": 373,
    "index": 1,
    "type": "text",
    "locale": "space",
    "key": null,
    "value_type": "string",
    "default_value": null,
    "predefined_choices": ""
  }
},
{
  "model": "editor.templatelink",
  "pk": 1108,
  "fields": {
    "template": 373,
    "index": 2,
    "type": "argument",
    "locale": null,
    "key": "operator",
    "value_type": "predefined",
    "default_value": "\"+\"",
    "predefined_choices": "+,-,*,/"
  }
},
{
  "model": "editor.templatelink",
  "pk": 1109,
  "fields": {
    "template": 373,
    "index": 3,
    "type": "text",
    "locale": "space",
    "key": null,
    "value_type": "string",
    "default_value": null,
    "predefined_choices": ""
  }
},
{
  "model": "editor.templatelink",
  "pk": 1110,
  "fields": {
    "template": 373,
    "index": 4,
    "type": "argument",
    "locale": null,
    "key": "right",
    "value_type": "integer",
    "default_value": "1",
    "predefined_choices": ""
  }
},
{
  "model": "editor.templatelink",
  "pk": 1111,
  "fields": {
    "template": 374,
    "index": 0,
    "type": "argument",
    "locale": null,
    "key": "operation",
    "value_type": "predefined",
    "default_value": "\"round\"",
    "predefined_choices": "round,ceil,floor"
  }
},
{
  "model": "editor.templatelink",
  "pk": 1112,
  "fields": {
    "template": 374,
    "index": 1,
    "type": "text",
    "locale": "(",
    "key": null,
    "value_type": "string",
    "default_value": null,
    "predefined_choices": ""
  }
},
{
  "model": "editor.templatelink",
  "pk": 1113,
  "fields": {
    "template": 374,
    "index": 2,
    "type": "argument",
    "locale": null,
    "key": "real",
    "value_type": "real",
    "default_value": "1.5",
    "predefined_choices": ""
  }
},
{
  "model": "editor.templatelink",
  "pk": 1114,
  "fields": {
    "template": 374,
    "index": 3,
    "type": "text",
    "locale": ")",
    "key": null,
    "value_type": "string",
    "default_value": null,
    "predefined_choices": ""
  }
},
{
  "model": "editor.templatelink",
  "pk": 1115,
  "fields": {
    "template": 375,
    "index": 0,
    "type": "text",
    "locale": "get_real_associated_with_key",
    "key": null,
    "value_type": "string",
    "default_value": null,
    "predefined_choices": ""
  }
},
{
  "model": "editor.templatelink",
  "pk": 1116,
  "fields": {
    "template": 375,
    "index": 1,
    "type": "argument",
    "locale": null,
    "key": "key",
    "value_type": "string",
    "default_value": "\"key\"",
    "predefined_choices": ""
  }
},
{
  "model": "editor.templatelink",
  "pk": 1117,
  "fields": {
    "template": 375,
    "index": 2,
    "type": "text",
    "locale": "in_object",
    "key": null,
    "value_type": "string",
    "default_value": null,
    "predefined_choices": ""
  }
},
{
  "model": "editor.templatelink",
  "pk": 1118,
  "fields": {
    "template": 375,
    "index": 3,
    "type": "argument",
    "locale": null,
    "key": "object",
    "value_type": "object",
    "default_value": "{\"template\": \"last_created_object\", \"arguments\": {}}",
    "predefined_choices": ""
  }
},
{
  "model": "editor.templatelink",
  "pk": 1119,
  "fields": {
    "template": 376,
    "index": 0,
    "type": "argument",
    "locale": null,
    "key": "left",
    "value_type": "real",
    "default_value": "1",
    "predefined_choices": ""
  }
},
{
  "model": "editor.templatelink",
  "pk": 1120,
  "fields": {
    "template": 376,
    "index": 1,
    "type": "text",
    "locale": "space",
    "key": null,
    "value_type": "string",
    "default_value": null,
    "predefined_choices": ""
  }
},
{
  "model": "editor.templatelink",
  "pk": 1121,
  "fields": {
    "template": 376,
    "index": 2,
    "type": "argument",
    "locale": null,
    "key": "operator",
    "value_type": "predefined",
    "default_value": "\"+\"",
    "predefined_choices": "+,-,*,/"
  }
},
{
  "model": "editor.templatelink",
  "pk": 1122,
  "fields": {
    "template": 376,
    "index": 3,
    "type": "text",
    "locale": "space",
    "key": null,
    "value_type": "string",
    "default_value": null,
    "predefined_choices": ""
  }
},
{
  "model": "editor.templatelink",
  "pk": 1123,
  "fields": {
    "template": 376,
    "index": 4,
    "type": "argument",
    "locale": null,
    "key": "right",
    "value_type": "real",
    "default_value": "1",
    "predefined_choices": ""
  }
},
{
  "model": "editor.templatelink",
  "pk": 1124,
  "fields": {
    "template": 377,
    "index": 0,
    "type": "text",
    "locale": "real(",
    "key": null,
    "value_type": "string",
    "default_value": null,
    "predefined_choices": ""
  }
},
{
  "model": "editor.templatelink",
  "pk": 1125,
  "fields": {
    "template": 377,
    "index": 1,
    "type": "argument",
    "locale": null,
    "key": "integer",
    "value_type": "integer",
    "default_value": "1",
    "predefined_choices": ""
  }
},
{
  "model": "editor.templatelink",
  "pk": 1126,
  "fields": {
    "template": 377,
    "index": 2,
    "type": "text",
    "locale": ")",
    "key": null,
    "value_type": "string",
    "default_value": null,
    "predefined_choices": ""
  }
},
{
  "model": "editor.templatelink",
  "pk": 1127,
  "fields": {
    "template": 378,
    "index": 0,
    "type": "text",
    "locale": "remaining_time_of",
    "key": null,
    "value_type": "string",
    "default_value": null,
    "predefined_choices": ""
  }
},
{
  "model": "editor.templatelink",
  "pk": 1128,
  "fields": {
    "template": 378,
    "index": 1,
    "type": "argument",
    "locale": null,
    "key": "timer",
    "value_type": "timer",
    "default_value": "{\"template\": \"last_started_timer\", \"arguments\": {}}",
    "predefined_choices": ""
  }
},
{
  "model": "editor.templatelink",
  "pk": 1129,
  "fields": {
    "template": 379,
    "index": 0,
    "type": "text",
    "locale": "session_time",
    "key": null,
    "value_type": "string",
    "default_value": null,
    "predefined_choices": ""
  }
},
{
  "model": "editor.templatelink",
  "pk": 1130,
  "fields": {
    "template": 380,
    "index": 0,
    "type": "text",
    "locale": "get_boolean_associated_with_key",
    "key": null,
    "value_type": "string",
    "default_value": null,
    "predefined_choices": ""
  }
},
{
  "model": "editor.templatelink",
  "pk": 1131,
  "fields": {
    "template": 380,
    "index": 1,
    "type": "argument",
    "locale": null,
    "key": "key",
    "value_type": "string",
    "default_value": "\"key\"",
    "predefined_choices": ""
  }
},
{
  "model": "editor.templatelink",
  "pk": 1132,
  "fields": {
    "template": 380,
    "index": 2,
    "type": "text",
    "locale": "in_object",
    "key": null,
    "value_type": "string",
    "default_value": null,
    "predefined_choices": ""
  }
},
{
  "model": "editor.templatelink",
  "pk": 1133,
  "fields": {
    "template": 380,
    "index": 3,
    "type": "argument",
    "locale": null,
    "key": "object",
    "value_type": "object",
    "default_value": "{\"template\": \"last_created_object\", \"arguments\": {}}",
    "predefined_choices": ""
  }
},
{
  "model": "editor.templatelink",
  "pk": 1134,
  "fields": {
    "template": 381,
    "index": 0,
    "type": "text",
    "locale": "not",
    "key": null,
    "value_type": "string",
    "default_value": null,
    "predefined_choices": ""
  }
},
{
  "model": "editor.templatelink",
  "pk": 1135,
  "fields": {
    "template": 381,
    "index": 1,
    "type": "argument",
    "locale": null,
    "key": "right",
    "value_type": "boolean",
    "default_value": "true",
    "predefined_choices": ""
  }
},
{
  "model": "editor.templatelink",
  "pk": 1136,
  "fields": {
    "template": 382,
    "index": 0,
    "type": "argument",
    "locale": null,
    "key": "left",
    "value_type": "boolean",
    "default_value": "true",
    "predefined_choices": ""
  }
},
{
  "model": "editor.templatelink",
  "pk": 1137,
  "fields": {
    "template": 382,
    "index": 1,
    "type": "text",
    "locale": "or",
    "key": null,
    "value_type": "string",
    "default_value": null,
    "predefined_choices": ""
  }
},
{
  "model": "editor.templatelink",
  "pk": 1138,
  "fields": {
    "template": 382,
    "index": 2,
    "type": "argument",
    "locale": null,
    "key": "right",
    "value_type": "boolean",
    "default_value": "true",
    "predefined_choices": ""
  }
},
{
  "model": "editor.templatelink",
  "pk": 1139,
  "fields": {
    "template": 383,
    "index": 0,
    "type": "argument",
    "locale": null,
    "key": "left",
    "value_type": "boolean",
    "default_value": "true",
    "predefined_choices": ""
  }
},
{
  "model": "editor.templatelink",
  "pk": 1140,
  "fields": {
    "template": 383,
    "index": 1,
    "type": "text",
    "locale": "and",
    "key": null,
    "value_type": "string",
    "default_value": null,
    "predefined_choices": ""
  }
},
{
  "model": "editor.templatelink",
  "pk": 1141,
  "fields": {
    "template": 383,
    "index": 2,
    "type": "argument",
    "locale": null,
    "key": "right",
    "value_type": "boolean",
    "default_value": "true",
    "predefined_choices": ""
  }
},
{
  "model": "editor.templatelink",
  "pk": 1142,
  "fields": {
    "template": 384,
    "index": 0,
    "type": "argument",
    "locale": null,
    "key": "left",
    "value_type": "integer",
    "default_value": "1",
    "predefined_choices": ""
  }
},
{
  "model": "editor.templatelink",
  "pk": 1143,
  "fields": {
    "template": 384,
    "index": 1,
    "type": "text",
    "locale": "space",
    "key": null,
    "value_type": "string",
    "default_value": null,
    "predefined_choices": ""
  }
},
{
  "model": "editor.templatelink",
  "pk": 1144,
  "fields": {
    "template": 384,
    "index": 2,
    "type": "argument",
    "locale": null,
    "key": "operator",
    "value_type": "predefined",
    "default_value": "\"=\"",
    "predefined_choices": "=,!=,>,>=,<,<="
  }
},
{
  "model": "editor.templatelink",
  "pk": 1145,
  "fields": {
    "template": 384,
    "index": 3,
    "type": "text",
    "locale": "space",
    "key": null,
    "value_type": "string",
    "default_value": null,
    "predefined_choices": ""
  }
},
{
  "model": "editor.templatelink",
  "pk": 1146,
  "fields": {
    "template": 384,
    "index": 4,
    "type": "argument",
    "locale": null,
    "key": "right",
    "value_type": "integer",
    "default_value": "1",
    "predefined_choices": ""
  }
},
{
  "model": "editor.templatelink",
  "pk": 1147,
  "fields": {
    "template": 385,
    "index": 0,
    "type": "argument",
    "locale": null,
    "key": "left",
    "value_type": "real",
    "default_value": "1",
    "predefined_choices": ""
  }
},
{
  "model": "editor.templatelink",
  "pk": 1148,
  "fields": {
    "template": 385,
    "index": 1,
    "type": "text",
    "locale": "space",
    "key": null,
    "value_type": "string",
    "default_value": null,
    "predefined_choices": ""
  }
},
{
  "model": "editor.templatelink",
  "pk": 1149,
  "fields": {
    "template": 385,
    "index": 2,
    "type": "argument",
    "locale": null,
    "key": "operator",
    "value_type": "predefined",
    "default_value": "\"=\"",
    "predefined_choices": "=,!=,>,>=,<,<="
  }
},
{
  "model": "editor.templatelink",
  "pk": 1150,
  "fields": {
    "template": 385,
    "index": 3,
    "type": "text",
    "locale": "space",
    "key": null,
    "value_type": "string",
    "default_value": null,
    "predefined_choices": ""
  }
},
{
  "model": "editor.templatelink",
  "pk": 1151,
  "fields": {
    "template": 385,
    "index": 4,
    "type": "argument",
    "locale": null,
    "key": "right",
    "value_type": "real",
    "default_value": "1",
    "predefined_choices": ""
  }
},
{
  "model": "editor.templatelink",
  "pk": 1152,
  "fields": {
    "template": 386,
    "index": 0,
    "type": "argument",
    "locale": null,
    "key": "left",
    "value_type": "string",
    "default_value": "\"hello\"",
    "predefined_choices": ""
  }
},
{
  "model": "editor.templatelink",
  "pk": 1153,
  "fields": {
    "template": 386,
    "index": 1,
    "type": "text",
    "locale": "space",
    "key": null,
    "value_type": "string",
    "default_value": null,
    "predefined_choices": ""
  }
},
{
  "model": "editor.templatelink",
  "pk": 1154,
  "fields": {
    "template": 386,
    "index": 2,
    "type": "argument",
    "locale": null,
    "key": "operator",
    "value_type": "predefined",
    "default_value": "\"=\"",
    "predefined_choices": "=,!=,contains,startswith,endswith"
  }
},
{
  "model": "editor.templatelink",
  "pk": 1155,
  "fields": {
    "template": 386,
    "index": 3,
    "type": "text",
    "locale": "space",
    "key": null,
    "value_type": "string",
    "default_value": null,
    "predefined_choices": ""
  }
},
{
  "model": "editor.templatelink",
  "pk": 1156,
  "fields": {
    "template": 386,
    "index": 4,
    "type": "argument",
    "locale": null,
    "key": "right",
    "value_type": "string",
    "default_value": "\"hello\"",
    "predefined_choices": ""
  }
},
{
  "model": "editor.templatelink",
  "pk": 1157,
  "fields": {
    "template": 387,
    "index": 0,
    "type": "argument",
    "locale": null,
    "key": "left",
    "value_type": "object",
    "default_value": "{\"template\": \"last_created_object\", \"arguments\": {}}",
    "predefined_choices": ""
  }
},
{
  "model": "editor.templatelink",
  "pk": 1158,
  "fields": {
    "template": 387,
    "index": 1,
    "type": "text",
    "locale": "space",
    "key": null,
    "value_type": "string",
    "default_value": null,
    "predefined_choices": ""
  }
},
{
  "model": "editor.templatelink",
  "pk": 1159,
  "fields": {
    "template": 387,
    "index": 2,
    "type": "argument",
    "locale": null,
    "key": "operator",
    "value_type": "predefined",
    "default_value": "\"is\"",
    "predefined_choices": "is,is_not"
  }
},
{
  "model": "editor.templatelink",
  "pk": 1160,
  "fields": {
    "template": 387,
    "index": 3,
    "type": "text",
    "locale": "space",
    "key": null,
    "value_type": "string",
    "default_value": null,
    "predefined_choices": ""
  }
},
{
  "model": "editor.templatelink",
  "pk": 1161,
  "fields": {
    "template": 387,
    "index": 4,
    "type": "argument",
    "locale": null,
    "key": "right",
    "value_type": "object",
    "default_value": "{\"template\": \"last_created_object\", \"arguments\": {}}",
    "predefined_choices": ""
  }
},
{
  "model": "editor.templatelink",
  "pk": 1162,
  "fields": {
    "template": 388,
    "index": 0,
    "type": "argument",
    "locale": null,
    "key": "left",
    "value_type": "boolean",
    "default_value": "true",
    "predefined_choices": ""
  }
},
{
  "model": "editor.templatelink",
  "pk": 1163,
  "fields": {
    "template": 388,
    "index": 1,
    "type": "text",
    "locale": "space",
    "key": null,
    "value_type": "string",
    "default_value": null,
    "predefined_choices": ""
  }
},
{
  "model": "editor.templatelink",
  "pk": 1164,
  "fields": {
    "template": 388,
    "index": 2,
    "type": "argument",
    "locale": null,
    "key": "operator",
    "value_type": "predefined",
    "default_value": "\"is\"",
    "predefined_choices": "is,is_not"
  }
},
{
  "model": "editor.templatelink",
  "pk": 1165,
  "fields": {
    "template": 388,
    "index": 3,
    "type": "text",
    "locale": "space",
    "key": null,
    "value_type": "string",
    "default_value": null,
    "predefined_choices": ""
  }
},
{
  "model": "editor.templatelink",
  "pk": 1166,
  "fields": {
    "template": 388,
    "index": 4,
    "type": "argument",
    "locale": null,
    "key": "right",
    "value_type": "boolean",
    "default_value": "true",
    "predefined_choices": ""
  }
},
{
  "model": "editor.templatelink",
  "pk": 1167,
  "fields": {
    "template": 389,
    "index": 0,
    "type": "text",
    "locale": "expiring_timer",
    "key": null,
    "value_type": "string",
    "default_value": null,
    "predefined_choices": ""
  }
},
{
  "model": "editor.templatelink",
  "pk": 1168,
  "fields": {
    "template": 390,
    "index": 0,
    "type": "text",
    "locale": "last_started_timer",
    "key": null,
    "value_type": "string",
    "default_value": null,
    "predefined_choices": ""
  }
},
{
  "model": "editor.templatecontextparagraph",
  "pk": 16,
  "fields": {
    "template": 355,
    "index": 0,
    "key": "if_conditions",
    "type": "condition"
  }
},
{
  "model": "editor.templatecontextparagraph",
  "pk": 17,
  "fields": {
    "template": 355,
    "index": 1,
    "key": "then_actions",
    "type": "action"
  }
},
{
  "model": "editor.templatecontextparagraph",
  "pk": 18,
  "fields": {
    "template": 355,
    "index": 2,
    "key": "else_actions",
    "type": "action"
  }
},
{
  "model": "editor.ruleset",
  "pk": 1,
  "fields": {
    "name": "Digimiam",
    "index": 0,
    "rooms": [
      1,
      2
    ]
  }
},
{
  "model": "editor.variable",
  "pk": 1,
  "fields": {
    "rule_set": 1,
    "index": 0,
    "name": "variable_string_1",
    "type": "string",
    "init_value": null,
    "list": false
  }
},
{
  "model": "editor.variable",
  "pk": 2,
  "fields": {
    "rule_set": 1,
    "index": 1,
    "name": "variable_string_2",
    "type": "string",
    "init_value": null,
    "list": false
  }
},
{
  "model": "editor.variable",
  "pk": 3,
  "fields": {
    "rule_set": 1,
    "index": 2,
    "name": "variable_boolean_1",
    "type": "boolean",
    "init_value": null,
    "list": false
  }
},
{
  "model": "editor.variable",
  "pk": 4,
  "fields": {
    "rule_set": 1,
    "index": 3,
    "name": "instruction_début_ventil",
    "type": "timer",
    "init_value": "",
    "list": false
  }
},
{
  "model": "editor.variable",
  "pk": 5,
  "fields": {
    "rule_set": 1,
    "index": 4,
    "name": "send_fog",
    "type": "timer",
    "init_value": "",
    "list": false
  }
},
{
  "model": "editor.variable",
  "pk": 6,
  "fields": {
    "rule_set": 1,
    "index": 5,
    "name": "variable_real_1",
    "type": "real",
    "init_value": "0.0",
    "list": false
  }
},
{
  "model": "editor.variable",
  "pk": 7,
  "fields": {
    "rule_set": 1,
    "index": 6,
    "name": "variable_real_2",
    "type": "real",
    "init_value": "0.0",
    "list": false
  }
},
{
  "model": "editor.rule",
  "pk": 220,
  "fields": {
    "rule_set": 1,
    "index": 0,
    "name": "Chopsticks success",
    "content": "{\"triggers\": [{\"template\": \"incoming_event_from_node\", \"arguments\": {\"node_name\": \"chopsticks\"}}], \"conditions\": [{\"template\": \"simple_condition\", \"arguments\": {\"condition\": {\"template\": \"string_comparison\", \"arguments\": {\"left\": {\"template\": \"object_get_string\", \"arguments\": {\"key\": \"category\", \"object\": {\"template\": \"triggering_event_object\", \"arguments\": {}}}}, \"operator\": \"=\", \"right\": \"success\"}}}}], \"actions\": [{\"template\": \"create_a_new_object\", \"arguments\": {}}, {\"template\": \"save_string_in_object\", \"arguments\": {\"value\": \"set_status\", \"key\": \"category\", \"object\": {\"template\": \"last_created_object\", \"arguments\": {}}}}, {\"template\": \"save_string_in_object\", \"arguments\": {\"value\": \"playing\", \"key\": \"status\", \"object\": {\"template\": \"last_created_object\", \"arguments\": {}}}}, {\"template\": \"send_event_object\", \"arguments\": {\"event\": {\"template\": \"last_created_object\", \"arguments\": {}}, \"node_name\": \"control_panel\"}}]}"
  }
},
{
  "model": "editor.rule",
  "pk": 221,
  "fields": {
    "rule_set": 1,
    "index": 2,
    "name": "Manual mode",
    "content": "{\"triggers\": [{\"template\": \"incoming_event_from_node\", \"arguments\": {\"node_name\": \"control_panel\"}}], \"conditions\": [{\"template\": \"simple_condition\", \"arguments\": {\"condition\": {\"template\": \"string_comparison\", \"arguments\": {\"left\": {\"template\": \"object_get_string\", \"arguments\": {\"key\": \"category\", \"object\": {\"template\": \"triggering_event_object\", \"arguments\": {}}}}, \"operator\": \"=\", \"right\": \"first_manual_mode\"}}}}], \"actions\": [{\"template\": \"create_a_new_object\", \"arguments\": {}}, {\"template\": \"save_string_in_object\", \"arguments\": {\"value\": \"stop\", \"key\": \"category\", \"object\": {\"template\": \"last_created_object\", \"arguments\": {}}}}, {\"template\": \"save_string_in_object\", \"arguments\": {\"value\": \"track1\", \"key\": \"track_id\", \"object\": {\"template\": \"last_created_object\", \"arguments\": {}}}}, {\"template\": \"send_event_object\", \"arguments\": {\"event\": {\"template\": \"last_created_object\", \"arguments\": {}}, \"node_name\": \"music_player\"}}, {\"template\": \"create_a_new_object\", \"arguments\": {}}, {\"template\": \"save_string_in_object\", \"arguments\": {\"value\": \"set_volume\", \"key\": \"category\", \"object\": {\"template\": \"last_created_object\", \"arguments\": {}}}}, {\"template\": \"save_string_in_object\", \"arguments\": {\"value\": \"track2\", \"key\": \"track_id\", \"object\": {\"template\": \"last_created_object\", \"arguments\": {}}}}, {\"template\": \"save_integer_in_object\", \"arguments\": {\"value\": 0, \"key\": \"volume\", \"object\": {\"template\": \"last_created_object\", \"arguments\": {}}}}, {\"template\": \"send_event_object\", \"arguments\": {\"event\": {\"template\": \"last_created_object\", \"arguments\": {}}, \"node_name\": \"music_player\"}}, {\"template\": \"create_a_new_object\", \"arguments\": {}}, {\"template\": \"save_string_in_object\", \"arguments\": {\"value\": \"set_volume\", \"key\": \"category\", \"object\": {\"template\": \"last_created_object\", \"arguments\": {}}}}, {\"template\": \"save_string_in_object\", \"arguments\": {\"value\": \"track2\", \"key\": \"track_id\", \"object\": {\"template\": \"last_created_object\", \"arguments\": {}}}}, {\"template\": \"save_integer_in_object\", \"arguments\": {\"value\": 40, \"key\": \"volume\", \"object\": {\"template\": \"last_created_object\", \"arguments\": {}}}}, {\"template\": \"save_integer_in_object\", \"arguments\": {\"value\": 15, \"key\": \"duration\", \"object\": {\"template\": \"last_created_object\", \"arguments\": {}}}}, {\"template\": \"send_event_object\", \"arguments\": {\"event\": {\"template\": \"last_created_object\", \"arguments\": {}}, \"node_name\": \"music_player\"}}, {\"template\": \"create_a_new_object\", \"arguments\": {}}, {\"template\": \"save_string_in_object\", \"arguments\": {\"value\": \"play\", \"key\": \"category\", \"object\": {\"template\": \"last_created_object\", \"arguments\": {}}}}, {\"template\": \"save_string_in_object\", \"arguments\": {\"value\": \"track2\", \"key\": \"track_id\", \"object\": {\"template\": \"last_created_object\", \"arguments\": {}}}}, {\"template\": \"save_integer_in_object\", \"arguments\": {\"value\": 2, \"key\": \"delay\", \"object\": {\"template\": \"last_created_object\", \"arguments\": {}}}}, {\"template\": \"send_event_object\", \"arguments\": {\"event\": {\"template\": \"last_created_object\", \"arguments\": {}}, \"node_name\": \"music_player\"}}, {\"template\": \"create_a_new_object\", \"arguments\": {}}, {\"template\": \"save_string_in_object\", \"arguments\": {\"value\": \"play_overlay_video\", \"key\": \"category\", \"object\": {\"template\": \"last_created_object\", \"arguments\": {}}}}, {\"template\": \"save_string_in_object\", \"arguments\": {\"value\": \"glitching_less\", \"key\": \"video_id\", \"object\": {\"template\": \"last_created_object\", \"arguments\": {}}}}, {\"template\": \"send_event_object\", \"arguments\": {\"event\": {\"template\": \"last_created_object\", \"arguments\": {}}, \"node_name\": \"orders\"}}, {\"template\": \"create_a_new_object\", \"arguments\": {}}, {\"template\": \"save_string_in_object\", \"arguments\": {\"value\": \"stop_overlay_video\", \"key\": \"category\", \"object\": {\"template\": \"last_created_object\", \"arguments\": {}}}}, {\"template\": \"send_event_object\", \"arguments\": {\"event\": {\"template\": \"last_created_object\", \"arguments\": {}}, \"node_name\": \"synchronizer\"}}, {\"template\": \"create_a_new_object\", \"arguments\": {}}, {\"template\": \"save_string_in_object\", \"arguments\": {\"value\": \"play\", \"key\": \"category\", \"object\": {\"template\": \"last_created_object\", \"arguments\": {}}}}, {\"template\": \"save_string_in_object\", \"arguments\": {\"value\": \"ads_loop\", \"key\": \"video_id\", \"object\": {\"template\": \"last_created_object\", \"arguments\": {}}}}, {\"template\": \"send_event_object\", \"arguments\": {\"event\": {\"template\": \"last_created_object\", \"arguments\": {}}, \"node_name\": \"advertiser\"}}, {\"template\": \"create_a_new_object\", \"arguments\": {}}, {\"template\": \"save_string_in_object\", \"arguments\": {\"value\": \"stop\", \"key\": \"category\", \"object\": {\"template\": \"last_created_object\", \"arguments\": {}}}}, {\"template\": \"save_string_in_object\", \"arguments\": {\"value\": \"ads_glitch\", \"key\": \"video_id\", \"object\": {\"template\": \"last_created_object\", \"arguments\": {}}}}, {\"template\": \"send_event_object\", \"arguments\": {\"event\": {\"template\": \"last_created_object\", \"arguments\": {}}, \"node_name\": \"advertiser\"}}, {\"template\": \"create_a_new_object\", \"arguments\": {}}, {\"template\": \"save_string_in_object\", \"arguments\": {\"value\": \"restaurant_in_manual_mode\", \"key\": \"category\", \"object\": {\"template\": \"last_created_object\", \"arguments\": {}}}}, {\"template\": \"send_event_object\", \"arguments\": {\"event\": {\"template\": \"last_created_object\", \"arguments\": {}}, \"node_name\": \"synchronizer\"}}, {\"template\": \"wait\", \"arguments\": {\"time\": 0.2}}, {\"template\": \"create_a_new_object\", \"arguments\": {}}, {\"template\": \"save_string_in_object\", \"arguments\": {\"value\": \"off\", \"key\": \"category\", \"object\": {\"template\": \"last_created_object\", \"arguments\": {}}}}, {\"template\": \"save_string_in_object\", \"arguments\": {\"value\": \"all\", \"key\": \"color\", \"object\": {\"template\": \"last_created_object\", \"arguments\": {}}}}, {\"template\": \"send_event_object\", \"arguments\": {\"event\": {\"template\": \"last_created_object\", \"arguments\": {}}, \"node_name\": \"refectory_lights\"}}]}"
  }
},
{
  "model": "editor.rule",
  "pk": 222,
  "fields": {
    "rule_set": 1,
    "index": 3,
    "name": "Holomenu configuration",
    "content": "{\"triggers\": [{\"template\": \"incoming_event_from_node\", \"arguments\": {\"node_name\": \"synchronizer\"}}], \"conditions\": [{\"template\": \"simple_condition\", \"arguments\": {\"condition\": {\"template\": \"string_comparison\", \"arguments\": {\"left\": {\"template\": \"object_get_string\", \"arguments\": {\"key\": \"category\", \"object\": {\"template\": \"triggering_event_object\", \"arguments\": {}}}}, \"operator\": \"=\", \"right\": \"set_menu_entry\"}}}}], \"actions\": [{\"template\": \"create_a_new_object\", \"arguments\": {}}, {\"template\": \"save_string_in_object\", \"arguments\": {\"value\": \"set_slide\", \"key\": \"category\", \"object\": {\"template\": \"last_created_object\", \"arguments\": {}}}}, {\"template\": \"save_integer_in_object\", \"arguments\": {\"value\": {\"template\": \"object_get_integer\", \"arguments\": {\"key\": \"index\", \"object\": {\"template\": \"triggering_event_object\", \"arguments\": {}}}}, \"key\": \"slide_index\", \"object\": {\"template\": \"last_created_object\", \"arguments\": {}}}}, {\"template\": \"save_string_in_object\", \"arguments\": {\"value\": {\"template\": \"object_get_string\", \"arguments\": {\"key\": \"dish\", \"object\": {\"template\": \"triggering_event_object\", \"arguments\": {}}}}, \"key\": \"chapter_id\", \"object\": {\"template\": \"last_created_object\", \"arguments\": {}}}}, {\"template\": \"send_event_object\", \"arguments\": {\"event\": {\"template\": \"last_created_object\", \"arguments\": {}}, \"node_name\": \"holographic_menu\"}}]}"
  }
},
{
  "model": "editor.rule",
  "pk": 223,
  "fields": {
    "rule_set": 1,
    "index": 4,
    "name": "Holomenu slides",
    "content": "{\"triggers\": [{\"template\": \"incoming_event_from_node\", \"arguments\": {\"node_name\": \"holographic_menu\"}}], \"conditions\": [{\"template\": \"simple_condition\", \"arguments\": {\"condition\": {\"template\": \"string_comparison\", \"arguments\": {\"left\": {\"template\": \"object_get_string\", \"arguments\": {\"key\": \"category\", \"object\": {\"template\": \"triggering_event_object\", \"arguments\": {}}}}, \"operator\": \"=\", \"right\": \"play_slide\"}}}}], \"actions\": [{\"template\": \"create_a_new_object\", \"arguments\": {}}, {\"template\": \"save_string_in_object\", \"arguments\": {\"value\": \"set_menu_cursor_position\", \"key\": \"category\", \"object\": {\"template\": \"last_created_object\", \"arguments\": {}}}}, {\"template\": \"save_integer_in_object\", \"arguments\": {\"value\": {\"template\": \"object_get_integer\", \"arguments\": {\"key\": \"slide\", \"object\": {\"template\": \"triggering_event_object\", \"arguments\": {}}}}, \"key\": \"position\", \"object\": {\"template\": \"last_created_object\", \"arguments\": {}}}}, {\"template\": \"send_event_object\", \"arguments\": {\"event\": {\"template\": \"last_created_object\", \"arguments\": {}}, \"node_name\": \"synchronizer\"}}]}"
  }
},
{
  "model": "editor.rule",
  "pk": 224,
  "fields": {
    "rule_set": 1,
    "index": 5,
    "name": "LC colors",
    "content": "{\"triggers\": [{\"template\": \"incoming_event_from_node\", \"arguments\": {\"node_name\": \"load_cells\"}}], \"conditions\": [{\"template\": \"simple_condition\", \"arguments\": {\"condition\": {\"template\": \"string_comparison\", \"arguments\": {\"left\": {\"template\": \"object_get_string\", \"arguments\": {\"key\": \"category\", \"object\": {\"template\": \"triggering_event_object\", \"arguments\": {}}}}, \"operator\": \"=\", \"right\": \"load_cell\"}}}}], \"actions\": [{\"template\": \"send_event_object\", \"arguments\": {\"event\": {\"template\": \"triggering_event_object\", \"arguments\": {}}, \"node_name\": \"synchronizer\"}}]}"
  }
},
{
  "model": "editor.rule",
  "pk": 225,
  "fields": {
    "rule_set": 1,
    "index": 6,
    "name": "Password success",
    "content": "{\"triggers\": [{\"template\": \"incoming_event_from_node\", \"arguments\": {\"node_name\": \"root_server\"}}], \"conditions\": [{\"template\": \"simple_condition\", \"arguments\": {\"condition\": {\"template\": \"string_comparison\", \"arguments\": {\"left\": {\"template\": \"object_get_string\", \"arguments\": {\"key\": \"category\", \"object\": {\"template\": \"triggering_event_object\", \"arguments\": {}}}}, \"operator\": \"=\", \"right\": \"success\"}}}}], \"actions\": [{\"template\": \"wait\", \"arguments\": {\"time\": 0.5}}, {\"template\": \"create_a_new_object\", \"arguments\": {}}, {\"template\": \"save_string_in_object\", \"arguments\": {\"value\": \"final_animation\", \"key\": \"category\", \"object\": {\"template\": \"last_created_object\", \"arguments\": {}}}}, {\"template\": \"send_event_object\", \"arguments\": {\"event\": {\"template\": \"last_created_object\", \"arguments\": {}}, \"node_name\": \"root_server\"}}, {\"template\": \"do_nothing\", \"arguments\": {}}]}"
  }
},
{
  "model": "editor.rule",
  "pk": 226,
  "fields": {
    "rule_set": 1,
    "index": 7,
    "name": "Toxic gaz staging",
    "content": "{\"triggers\": [{\"template\": \"incoming_event_from_node\", \"arguments\": {\"node_name\": \"root_server\"}}], \"conditions\": [{\"template\": \"simple_condition\", \"arguments\": {\"condition\": {\"template\": \"string_comparison\", \"arguments\": {\"left\": {\"template\": \"object_get_string\", \"arguments\": {\"key\": \"category\", \"object\": {\"template\": \"triggering_event_object\", \"arguments\": {}}}}, \"operator\": \"=\", \"right\": \"ms_pepper_mad_end\"}}}}], \"actions\": [{\"template\": \"wait\", \"arguments\": {\"time\": 2}}, {\"template\": \"create_a_new_object\", \"arguments\": {}}, {\"template\": \"save_string_in_object\", \"arguments\": {\"value\": \"display_danger_window\", \"key\": \"category\", \"object\": {\"template\": \"last_created_object\", \"arguments\": {}}}}, {\"template\": \"send_event_object\", \"arguments\": {\"event\": {\"template\": \"last_created_object\", \"arguments\": {}}, \"node_name\": \"root_server\"}}, {\"template\": \"send_event_object\", \"arguments\": {\"event\": {\"template\": \"last_created_object\", \"arguments\": {}}, \"node_name\": \"inventory\"}}, {\"template\": \"send_event_object\", \"arguments\": {\"event\": {\"template\": \"last_created_object\", \"arguments\": {}}, \"node_name\": \"orders\"}}, {\"template\": \"send_event_object\", \"arguments\": {\"event\": {\"template\": \"last_created_object\", \"arguments\": {}}, \"node_name\": \"synchronizer\"}}]}"
  }
},
{
  "model": "editor.rule",
  "pk": 227,
  "fields": {
    "rule_set": 1,
    "index": 8,
    "name": "Light sync",
    "content": "{\"triggers\": [{\"template\": \"incoming_event_from_node\", \"arguments\": {\"node_name\": \"synchronizer\"}}], \"conditions\": [{\"template\": \"simple_condition\", \"arguments\": {\"condition\": {\"template\": \"boolean_or\", \"arguments\": {\"left\": {\"template\": \"string_comparison\", \"arguments\": {\"left\": {\"template\": \"object_get_string\", \"arguments\": {\"key\": \"category\", \"object\": {\"template\": \"triggering_event_object\", \"arguments\": {}}}}, \"operator\": \"=\", \"right\": \"on\"}}, \"right\": {\"template\": \"string_comparison\", \"arguments\": {\"left\": {\"template\": \"object_get_string\", \"arguments\": {\"key\": \"category\", \"object\": {\"template\": \"triggering_event_object\", \"arguments\": {}}}}, \"operator\": \"=\", \"right\": \"off\"}}}}}}], \"actions\": [{\"template\": \"send_event_object\", \"arguments\": {\"event\": {\"template\": \"triggering_event_object\", \"arguments\": {}}, \"node_name\": \"refectory_lights\"}}]}"
  }
},
{
  "model": "editor.rule",
  "pk": 228,
  "fields": {
    "rule_set": 1,
    "index": 9,
    "name": "Update street time",
    "content": "{\"triggers\": [{\"template\": \"periodic_trigger\", \"arguments\": {\"period\": 1}}], \"conditions\": [], \"actions\": [{\"template\": \"create_a_new_object\", \"arguments\": {}}, {\"template\": \"save_string_in_object\", \"arguments\": {\"value\": \"set_session_time\", \"key\": \"category\", \"object\": {\"template\": \"last_created_object\", \"arguments\": {}}}}, {\"template\": \"save_integer_in_object\", \"arguments\": {\"value\": {\"template\": \"session_time\", \"arguments\": {}}, \"key\": \"seconds\", \"object\": {\"template\": \"last_created_object\", \"arguments\": {}}}}, {\"template\": \"send_event_object\", \"arguments\": {\"event\": {\"template\": \"last_created_object\", \"arguments\": {}}, \"node_name\": \"street_display\"}}]}"
  }
},
{
  "model": "editor.rule",
  "pk": 229,
  "fields": {
    "rule_set": 1,
    "index": 10,
    "name": "Street play",
    "content": "{\"triggers\": [{\"template\": \"incoming_event_from_node\", \"arguments\": {\"node_name\": \"street_display\"}}], \"conditions\": [{\"template\": \"simple_condition\", \"arguments\": {\"condition\": {\"template\": \"string_comparison\", \"arguments\": {\"left\": {\"template\": \"object_get_string\", \"arguments\": {\"key\": \"category\", \"object\": {\"template\": \"triggering_event_object\", \"arguments\": {}}}}, \"operator\": \"=\", \"right\": \"play\"}}}}], \"actions\": [{\"template\": \"do_nothing\", \"arguments\": {}}, {\"template\": \"run_game_session\", \"arguments\": {}}, {\"template\": \"create_a_new_object\", \"arguments\": {}}, {\"template\": \"save_string_in_object\", \"arguments\": {\"value\": \"play\", \"key\": \"category\", \"object\": {\"template\": \"last_created_object\", \"arguments\": {}}}}, {\"template\": \"save_string_in_object\", \"arguments\": {\"value\": \"ms_pepper_here_you_are\", \"key\": \"video_id\", \"object\": {\"template\": \"last_created_object\", \"arguments\": {}}}}, {\"template\": \"send_event_object\", \"arguments\": {\"event\": {\"template\": \"last_created_object\", \"arguments\": {}}, \"node_name\": \"advertiser\"}}, {\"template\": \"wait\", \"arguments\": {\"time\": 35}}, {\"template\": \"create_a_new_object\", \"arguments\": {}}, {\"template\": \"save_string_in_object\", \"arguments\": {\"value\": \"play\", \"key\": \"category\", \"object\": {\"template\": \"last_created_object\", \"arguments\": {}}}}, {\"template\": \"save_string_in_object\", \"arguments\": {\"value\": \"ads_glitch\", \"key\": \"video_id\", \"object\": {\"template\": \"last_created_object\", \"arguments\": {}}}}, {\"template\": \"send_event_object\", \"arguments\": {\"event\": {\"template\": \"last_created_object\", \"arguments\": {}}, \"node_name\": \"advertiser\"}}, {\"template\": \"create_a_new_object\", \"arguments\": {}}, {\"template\": \"save_string_in_object\", \"arguments\": {\"value\": \"set_volume\", \"key\": \"category\", \"object\": {\"template\": \"last_created_object\", \"arguments\": {}}}}, {\"template\": \"save_string_in_object\", \"arguments\": {\"value\": \"track1\", \"key\": \"track_id\", \"object\": {\"template\": \"last_created_object\", \"arguments\": {}}}}, {\"template\": \"save_integer_in_object\", \"arguments\": {\"value\": 70, \"key\": \"volume\", \"object\": {\"template\": \"last_created_object\", \"arguments\": {}}}}, {\"template\": \"send_event_object\", \"arguments\": {\"event\": {\"template\": \"last_created_object\", \"arguments\": {}}, \"node_name\": \"music_player\"}}, {\"template\": \"create_a_new_object\", \"arguments\": {}}, {\"template\": \"save_string_in_object\", \"arguments\": {\"value\": \"set_volume\", \"key\": \"category\", \"object\": {\"template\": \"last_created_object\", \"arguments\": {}}}}, {\"template\": \"save_string_in_object\", \"arguments\": {\"value\": \"track1\", \"key\": \"track_id\", \"object\": {\"template\": \"last_created_object\", \"arguments\": {}}}}, {\"template\": \"save_integer_in_object\", \"arguments\": {\"value\": 50, \"key\": \"volume\", \"object\": {\"template\": \"last_created_object\", \"arguments\": {}}}}, {\"template\": \"save_integer_in_object\", \"arguments\": {\"value\": 10, \"key\": \"duration\", \"object\": {\"template\": \"last_created_object\", \"arguments\": {}}}}, {\"template\": \"save_integer_in_object\", \"arguments\": {\"value\": 5, \"key\": \"delay\", \"object\": {\"template\": \"last_created_object\", \"arguments\": {}}}}, {\"template\": \"send_event_object\", \"arguments\": {\"event\": {\"template\": \"last_created_object\", \"arguments\": {}}, \"node_name\": \"music_player\"}}, {\"template\": \"create_a_new_object\", \"arguments\": {}}, {\"template\": \"save_string_in_object\", \"arguments\": {\"value\": \"play\", \"key\": \"category\", \"object\": {\"template\": \"last_created_object\", \"arguments\": {}}}}, {\"template\": \"save_string_in_object\", \"arguments\": {\"value\": \"track1\", \"key\": \"track_id\", \"object\": {\"template\": \"last_created_object\", \"arguments\": {}}}}, {\"template\": \"send_event_object\", \"arguments\": {\"event\": {\"template\": \"last_created_object\", \"arguments\": {}}, \"node_name\": \"music_player\"}}, {\"template\": \"create_a_new_object\", \"arguments\": {}}, {\"template\": \"save_string_in_object\", \"arguments\": {\"value\": \"set_volume\", \"key\": \"category\", \"object\": {\"template\": \"last_created_object\", \"arguments\": {}}}}, {\"template\": \"save_string_in_object\", \"arguments\": {\"value\": \"track1\", \"key\": \"track_id\", \"object\": {\"template\": \"last_created_object\", \"arguments\": {}}}}, {\"template\": \"save_integer_in_object\", \"arguments\": {\"value\": 30, \"key\": \"volume\", \"object\": {\"template\": \"last_created_object\", \"arguments\": {}}}}, {\"template\": \"save_integer_in_object\", \"arguments\": {\"value\": 60, \"key\": \"duration\", \"object\": {\"template\": \"last_created_object\", \"arguments\": {}}}}, {\"template\": \"save_integer_in_object\", \"arguments\": {\"value\": 90, \"key\": \"delay\", \"object\": {\"template\": \"last_created_object\", \"arguments\": {}}}}, {\"template\": \"send_event_object\", \"arguments\": {\"event\": {\"template\": \"last_created_object\", \"arguments\": {}}, \"node_name\": \"music_player\"}}, {\"template\": \"wait\", \"arguments\": {\"time\": 5}}, {\"template\": \"create_a_new_object\", \"arguments\": {}}, {\"template\": \"save_string_in_object\", \"arguments\": {\"value\": \"unlock\", \"key\": \"category\", \"object\": {\"template\": \"last_created_object\", \"arguments\": {}}}}, {\"template\": \"send_event_object\", \"arguments\": {\"event\": {\"template\": \"last_created_object\", \"arguments\": {}}, \"node_name\": \"front_door_magnet\"}}]}"
  }
},
{
  "model": "editor.rule",
  "pk": 230,
  "fields": {
    "rule_set": 1,
    "index": 11,
    "name": "Street unlock front door",
    "content": "{\"triggers\": [{\"template\": \"incoming_event_from_node\", \"arguments\": {\"node_name\": \"street_display\"}}], \"conditions\": [{\"template\": \"simple_condition\", \"arguments\": {\"condition\": {\"template\": \"string_comparison\", \"arguments\": {\"left\": {\"template\": \"object_get_string\", \"arguments\": {\"key\": \"category\", \"object\": {\"template\": \"triggering_event_object\", \"arguments\": {}}}}, \"operator\": \"=\", \"right\": \"unlock_front_door\"}}}}], \"actions\": [{\"template\": \"create_a_new_object\", \"arguments\": {}}, {\"template\": \"save_string_in_object\", \"arguments\": {\"value\": \"unlock\", \"key\": \"category\", \"object\": {\"template\": \"last_created_object\", \"arguments\": {}}}}, {\"template\": \"send_event_object\", \"arguments\": {\"event\": {\"template\": \"last_created_object\", \"arguments\": {}}, \"node_name\": \"front_door_magnet\"}}]}"
  }
},
{
  "model": "editor.rule",
  "pk": 231,
  "fields": {
    "rule_set": 1,
    "index": 12,
    "name": "Doc ventil",
    "content": "{\"triggers\": [{\"template\": \"incoming_event_from_node\", \"arguments\": {\"node_name\": \"ventilation_panel\"}}], \"conditions\": [{\"template\": \"simple_condition\", \"arguments\": {\"condition\": {\"template\": \"string_comparison\", \"arguments\": {\"left\": {\"template\": \"object_get_string\", \"arguments\": {\"key\": \"category\", \"object\": {\"template\": \"triggering_event_object\", \"arguments\": {}}}}, \"operator\": \"=\", \"right\": \"start_new_round\"}}}}], \"actions\": [{\"template\": \"create_a_new_object\", \"arguments\": {}}, {\"template\": \"save_string_in_object\", \"arguments\": {\"value\": \"set_ventilation_panel_round\", \"key\": \"category\", \"object\": {\"template\": \"last_created_object\", \"arguments\": {}}}}, {\"template\": \"save_integer_in_object\", \"arguments\": {\"value\": {\"template\": \"object_get_integer\", \"arguments\": {\"key\": \"round\", \"object\": {\"template\": \"triggering_event_object\", \"arguments\": {}}}}, \"key\": \"round\", \"object\": {\"template\": \"last_created_object\", \"arguments\": {}}}}, {\"template\": \"send_event_object\", \"arguments\": {\"event\": {\"template\": \"last_created_object\", \"arguments\": {}}, \"node_name\": \"orders\"}}]}"
  }
},
{
  "model": "editor.rule",
  "pk": 235,
  "fields": {
    "rule_set": 1,
    "index": 13,
    "name": "Ventil status",
    "content": "{\"triggers\": [{\"template\": \"incoming_event_from_node\", \"arguments\": {\"node_name\": \"ventilation_panel\"}}], \"conditions\": [{\"template\": \"simple_condition\", \"arguments\": {\"condition\": {\"template\": \"string_comparison\", \"arguments\": {\"left\": {\"template\": \"object_get_string\", \"arguments\": {\"key\": \"category\", \"object\": {\"template\": \"triggering_event_object\", \"arguments\": {}}}}, \"operator\": \"=\", \"right\": \"set_status\"}}}}], \"actions\": [{\"template\": \"create_a_new_object\", \"arguments\": {}}, {\"template\": \"save_string_in_object\", \"arguments\": {\"value\": \"set_documentation_visibility\", \"key\": \"category\", \"object\": {\"template\": \"last_created_object\", \"arguments\": {}}}}, {\"template\": \"if_then_else_multiple_functions\", \"arguments\": {}, \"paragraphs\": {\"if_conditions\": [{\"template\": \"simple_condition\", \"arguments\": {\"condition\": {\"template\": \"string_comparison\", \"arguments\": {\"left\": {\"template\": \"object_get_string\", \"arguments\": {\"key\": \"status\", \"object\": {\"template\": \"triggering_event_object\", \"arguments\": {}}}}, \"operator\": \"=\", \"right\": \"playing\"}}}}], \"then_actions\": [{\"template\": \"save_boolean_in_object\", \"arguments\": {\"value\": true, \"key\": \"show\", \"object\": {\"template\": \"last_created_object\", \"arguments\": {}}}}, {\"template\": \"start_timer\", \"arguments\": {\"timer\": {\"variable\": \"instruction_d\\u00e9but_ventil\"}, \"type\": \"one_shot\", \"time\": 30}}], \"else_actions\": [{\"template\": \"save_boolean_in_object\", \"arguments\": {\"value\": false, \"key\": \"show\", \"object\": {\"template\": \"last_created_object\", \"arguments\": {}}}}]}}, {\"template\": \"send_event_object\", \"arguments\": {\"event\": {\"template\": \"last_created_object\", \"arguments\": {}}, \"node_name\": \"orders\"}}]}"
  }
},
{
  "model": "editor.rule",
  "pk": 236,
  "fields": {
    "rule_set": 1,
    "index": 14,
    "name": "aide début ventil",
    "content": "{\"triggers\": [{\"template\": \"timer_trigger\", \"arguments\": {\"timer\": {\"variable\": \"instruction_d\\u00e9but_ventil\"}}}], \"conditions\": [], \"actions\": [{\"template\": \"create_a_new_object\", \"arguments\": {}}, {\"template\": \"save_string_in_object\", \"arguments\": {\"value\": \"documentation_unplug_instruction\", \"key\": \"category\", \"object\": {\"template\": \"last_created_object\", \"arguments\": {}}}}, {\"template\": \"save_boolean_in_object\", \"arguments\": {\"value\": true, \"key\": \"highlight\", \"object\": {\"template\": \"last_created_object\", \"arguments\": {}}}}, {\"template\": \"send_event_object\", \"arguments\": {\"event\": {\"template\": \"last_created_object\", \"arguments\": {}}, \"node_name\": \"orders\"}}]}"
  }
},
{
  "model": "editor.rule",
  "pk": 237,
  "fields": {
    "rule_set": 1,
    "index": 15,
    "name": "fin aide début ventil",
    "content": "{\"triggers\": [{\"template\": \"incoming_event_from_node\", \"arguments\": {\"node_name\": \"ventilation_panel\"}}], \"conditions\": [], \"actions\": [{\"template\": \"if_then_else_multiple_functions\", \"arguments\": {}, \"paragraphs\": {\"if_conditions\": [{\"template\": \"simple_condition\", \"arguments\": {\"condition\": {\"template\": \"string_comparison\", \"arguments\": {\"left\": {\"template\": \"object_get_string\", \"arguments\": {\"key\": \"category\", \"object\": {\"template\": \"triggering_event_object\", \"arguments\": {}}}}, \"operator\": \"=\", \"right\": \"game_start\"}}}}], \"then_actions\": [{\"template\": \"pause_timer\", \"arguments\": {\"timer\": {\"variable\": \"instruction_d\\u00e9but_ventil\"}}}, {\"template\": \"create_a_new_object\", \"arguments\": {}}, {\"template\": \"save_string_in_object\", \"arguments\": {\"value\": \"documentation_unplug_instruction\", \"key\": \"category\", \"object\": {\"template\": \"last_created_object\", \"arguments\": {}}}}, {\"template\": \"save_boolean_in_object\", \"arguments\": {\"value\": false, \"key\": \"highlight\", \"object\": {\"template\": \"last_created_object\", \"arguments\": {}}}}, {\"template\": \"send_event_object\", \"arguments\": {\"event\": {\"template\": \"last_created_object\", \"arguments\": {}}, \"node_name\": \"orders\"}}], \"else_actions\": []}}]}"
  }
},
{
  "model": "editor.rule",
  "pk": 239,
  "fields": {
    "rule_set": 1,
    "index": 16,
    "name": "Music admin",
    "content": "{\"triggers\": [{\"template\": \"admin_button_press\", \"arguments\": {}}], \"conditions\": [], \"actions\": [{\"template\": \"if_then_else_multiple_functions\", \"arguments\": {}, \"paragraphs\": {\"if_conditions\": [{\"template\": \"simple_condition\", \"arguments\": {\"condition\": {\"template\": \"string_comparison\", \"arguments\": {\"left\": {\"template\": \"substring\", \"arguments\": {\"string\": {\"template\": \"triggering_admin_button_id\", \"arguments\": {}}, \"first_char\": 0, \"last_char\": 4}}, \"operator\": \"=\", \"right\": \"play_\"}}}}], \"then_actions\": [{\"template\": \"create_a_new_object\", \"arguments\": {}}, {\"template\": \"save_string_in_object\", \"arguments\": {\"value\": \"play\", \"key\": \"category\", \"object\": {\"template\": \"last_created_object\", \"arguments\": {}}}}, {\"template\": \"save_string_in_object\", \"arguments\": {\"value\": {\"template\": \"substring\", \"arguments\": {\"string\": {\"template\": \"triggering_admin_button_id\", \"arguments\": {}}, \"first_char\": 5, \"last_char\": 12}}, \"key\": \"track_id\", \"object\": {\"template\": \"last_created_object\", \"arguments\": {}}}}, {\"template\": \"send_event_object\", \"arguments\": {\"event\": {\"template\": \"last_created_object\", \"arguments\": {}}, \"node_name\": \"music_player\"}}], \"else_actions\": []}}, {\"template\": \"if_then_else_multiple_functions\", \"arguments\": {}, \"paragraphs\": {\"if_conditions\": [{\"template\": \"simple_condition\", \"arguments\": {\"condition\": {\"template\": \"string_comparison\", \"arguments\": {\"left\": {\"template\": \"substring\", \"arguments\": {\"string\": {\"template\": \"triggering_admin_button_id\", \"arguments\": {}}, \"first_char\": 0, \"last_char\": 5}}, \"operator\": \"=\", \"right\": \"pause_\"}}}}], \"then_actions\": [{\"template\": \"create_a_new_object\", \"arguments\": {}}, {\"template\": \"save_string_in_object\", \"arguments\": {\"value\": \"pause\", \"key\": \"category\", \"object\": {\"template\": \"last_created_object\", \"arguments\": {}}}}, {\"template\": \"save_string_in_object\", \"arguments\": {\"value\": {\"template\": \"substring\", \"arguments\": {\"string\": {\"template\": \"triggering_admin_button_id\", \"arguments\": {}}, \"first_char\": 6, \"last_char\": 13}}, \"key\": \"track_id\", \"object\": {\"template\": \"last_created_object\", \"arguments\": {}}}}, {\"template\": \"send_event_object\", \"arguments\": {\"event\": {\"template\": \"last_created_object\", \"arguments\": {}}, \"node_name\": \"music_player\"}}], \"else_actions\": []}}, {\"template\": \"if_then_else_multiple_functions\", \"arguments\": {}, \"paragraphs\": {\"if_conditions\": [{\"template\": \"simple_condition\", \"arguments\": {\"condition\": {\"template\": \"string_comparison\", \"arguments\": {\"left\": {\"template\": \"substring\", \"arguments\": {\"string\": {\"template\": \"triggering_admin_button_id\", \"arguments\": {}}, \"first_char\": 0, \"last_char\": 4}}, \"operator\": \"=\", \"right\": \"stop_\"}}}}], \"then_actions\": [{\"template\": \"create_a_new_object\", \"arguments\": {}}, {\"template\": \"save_string_in_object\", \"arguments\": {\"value\": \"stop\", \"key\": \"category\", \"object\": {\"template\": \"last_created_object\", \"arguments\": {}}}}, {\"template\": \"save_string_in_object\", \"arguments\": {\"value\": {\"template\": \"substring\", \"arguments\": {\"string\": {\"template\": \"triggering_admin_button_id\", \"arguments\": {}}, \"first_char\": 5, \"last_char\": 12}}, \"key\": \"track_id\", \"object\": {\"template\": \"last_created_object\", \"arguments\": {}}}}, {\"template\": \"send_event_object\", \"arguments\": {\"event\": {\"template\": \"last_created_object\", \"arguments\": {}}, \"node_name\": \"music_player\"}}], \"else_actions\": []}}, {\"template\": \"if_then_else_multiple_functions\", \"arguments\": {}, \"paragraphs\": {\"if_conditions\": [{\"template\": \"simple_condition\", \"arguments\": {\"condition\": {\"template\": \"string_comparison\", \"arguments\": {\"left\": {\"template\": \"substring\", \"arguments\": {\"string\": {\"template\": \"triggering_admin_button_id\", \"arguments\": {}}, \"first_char\": 0, \"last_char\": 6}}, \"operator\": \"=\", \"right\": \"volume_\"}}}}], \"then_actions\": [{\"template\": \"create_a_new_object\", \"arguments\": {}}, {\"template\": \"save_string_in_object\", \"arguments\": {\"value\": \"set_volume\", \"key\": \"category\", \"object\": {\"template\": \"last_created_object\", \"arguments\": {}}}}, {\"template\": \"if_then_else_multiple_functions\", \"arguments\": {}, \"paragraphs\": {\"if_conditions\": [{\"template\": \"simple_condition\", \"arguments\": {\"condition\": {\"template\": \"string_comparison\", \"arguments\": {\"left\": {\"template\": \"substring\", \"arguments\": {\"string\": {\"template\": \"triggering_admin_button_id\", \"arguments\": {}}, \"first_char\": 7, \"last_char\": 10}}, \"operator\": \"=\", \"right\": \"mut_\"}}}}], \"then_actions\": [{\"template\": \"save_integer_in_object\", \"arguments\": {\"value\": 0, \"key\": \"volume\", \"object\": {\"template\": \"last_created_object\", \"arguments\": {}}}}], \"else_actions\": []}}, {\"template\": \"if_then_else_multiple_functions\", \"arguments\": {}, \"paragraphs\": {\"if_conditions\": [{\"template\": \"simple_condition\", \"arguments\": {\"condition\": {\"template\": \"string_comparison\", \"arguments\": {\"left\": {\"template\": \"substring\", \"arguments\": {\"string\": {\"template\": \"triggering_admin_button_id\", \"arguments\": {}}, \"first_char\": 7, \"last_char\": 10}}, \"operator\": \"=\", \"right\": \"low_\"}}}}], \"then_actions\": [{\"template\": \"save_integer_in_object\", \"arguments\": {\"value\": 40, \"key\": \"volume\", \"object\": {\"template\": \"last_created_object\", \"arguments\": {}}}}], \"else_actions\": []}}, {\"template\": \"if_then_else_multiple_functions\", \"arguments\": {}, \"paragraphs\": {\"if_conditions\": [{\"template\": \"simple_condition\", \"arguments\": {\"condition\": {\"template\": \"string_comparison\", \"arguments\": {\"left\": {\"template\": \"substring\", \"arguments\": {\"string\": {\"template\": \"triggering_admin_button_id\", \"arguments\": {}}, \"first_char\": 7, \"last_char\": 10}}, \"operator\": \"=\", \"right\": \"mid_\"}}}}], \"then_actions\": [{\"template\": \"save_integer_in_object\", \"arguments\": {\"value\": 70, \"key\": \"volume\", \"object\": {\"template\": \"last_created_object\", \"arguments\": {}}}}], \"else_actions\": []}}, {\"template\": \"if_then_else_multiple_functions\", \"arguments\": {}, \"paragraphs\": {\"if_conditions\": [{\"template\": \"simple_condition\", \"arguments\": {\"condition\": {\"template\": \"string_comparison\", \"arguments\": {\"left\": {\"template\": \"substring\", \"arguments\": {\"string\": {\"template\": \"triggering_admin_button_id\", \"arguments\": {}}, \"first_char\": 7, \"last_char\": 10}}, \"operator\": \"=\", \"right\": \"max_\"}}}}], \"then_actions\": [{\"template\": \"save_integer_in_object\", \"arguments\": {\"value\": 100, \"key\": \"volume\", \"object\": {\"template\": \"last_created_object\", \"arguments\": {}}}}], \"else_actions\": []}}, {\"template\": \"if_then_else_multiple_functions\", \"arguments\": {}, \"paragraphs\": {\"if_conditions\": [{\"template\": \"simple_condition\", \"arguments\": {\"condition\": {\"template\": \"string_comparison\", \"arguments\": {\"left\": {\"template\": \"substring\", \"arguments\": {\"string\": {\"template\": \"triggering_admin_button_id\", \"arguments\": {}}, \"first_char\": 11, \"last_char\": 16}}, \"operator\": \"!=\", \"right\": \"master\"}}}}], \"then_actions\": [{\"template\": \"save_string_in_object\", \"arguments\": {\"value\": {\"template\": \"substring\", \"arguments\": {\"string\": {\"template\": \"triggering_admin_button_id\", \"arguments\": {}}, \"first_char\": 11, \"last_char\": 17}}, \"key\": \"track_id\", \"object\": {\"template\": \"last_created_object\", \"arguments\": {}}}}], \"else_actions\": [{\"template\": \"do_nothing\", \"arguments\": {}}]}}, {\"template\": \"send_event_object\", \"arguments\": {\"event\": {\"template\": \"last_created_object\", \"arguments\": {}}, \"node_name\": \"music_player\"}}], \"else_actions\": []}}, {\"template\": \"do_nothing\", \"arguments\": {}}, {\"template\": \"do_nothing\", \"arguments\": {}}, {\"template\": \"do_nothing\", \"arguments\": {}}, {\"template\": \"do_nothing\", \"arguments\": {}}, {\"template\": \"do_nothing\", \"arguments\": {}}]}"
  }
},
{
  "model": "editor.rule",
  "pk": 264,
  "fields": {
    "rule_set": 1,
    "index": 17,
    "name": "Open server room",
    "content": "{\"triggers\": [{\"template\": \"incoming_event_from_node\", \"arguments\": {\"node_name\": \"digital_lock\"}}], \"conditions\": [], \"actions\": [{\"template\": \"if_then_else_multiple_functions\", \"arguments\": {}, \"paragraphs\": {\"if_conditions\": [{\"template\": \"simple_condition\", \"arguments\": {\"condition\": {\"template\": \"string_comparison\", \"arguments\": {\"left\": {\"template\": \"object_get_string\", \"arguments\": {\"key\": \"category\", \"object\": {\"template\": \"triggering_event_object\", \"arguments\": {}}}}, \"operator\": \"=\", \"right\": \"success\"}}}}], \"then_actions\": [{\"template\": \"create_a_new_object\", \"arguments\": {}}, {\"template\": \"save_string_in_object\", \"arguments\": {\"value\": \"low\", \"key\": \"category\", \"object\": {\"template\": \"last_created_object\", \"arguments\": {}}}}, {\"template\": \"send_event_object\", \"arguments\": {\"event\": {\"template\": \"last_created_object\", \"arguments\": {}}, \"node_name\": \"server_room_magnet\"}}], \"else_actions\": []}}]}"
  }
},
{
  "model": "editor.rule",
  "pk": 314,
  "fields": {
    "rule_set": 1,
    "index": 18,
    "name": "Synchronizer services",
    "content": "{\"triggers\": [{\"template\": \"incoming_event_from_node\", \"arguments\": {\"node_name\": \"synchronizer\"}}], \"conditions\": [], \"actions\": [{\"template\": \"if_then_else_multiple_functions\", \"arguments\": {}, \"paragraphs\": {\"if_conditions\": [{\"template\": \"simple_condition\", \"arguments\": {\"condition\": {\"template\": \"string_comparison\", \"arguments\": {\"left\": {\"template\": \"object_get_string\", \"arguments\": {\"key\": \"category\", \"object\": {\"template\": \"triggering_event_object\", \"arguments\": {}}}}, \"operator\": \"=\", \"right\": \"light_service_success\"}}}}], \"then_actions\": [{\"template\": \"create_a_new_object\", \"arguments\": {}}, {\"template\": \"save_string_in_object\", \"arguments\": {\"value\": \"set_lights_service_status\", \"key\": \"category\", \"object\": {\"template\": \"last_created_object\", \"arguments\": {}}}}, {\"template\": \"save_boolean_in_object\", \"arguments\": {\"value\": true, \"key\": \"repaired\", \"object\": {\"template\": \"last_created_object\", \"arguments\": {}}}}, {\"template\": \"send_event_object\", \"arguments\": {\"event\": {\"template\": \"last_created_object\", \"arguments\": {}}, \"node_name\": \"control_panel\"}}], \"else_actions\": []}}, {\"template\": \"if_then_else_multiple_functions\", \"arguments\": {}, \"paragraphs\": {\"if_conditions\": [{\"template\": \"simple_condition\", \"arguments\": {\"condition\": {\"template\": \"string_comparison\", \"arguments\": {\"left\": {\"template\": \"object_get_string\", \"arguments\": {\"key\": \"category\", \"object\": {\"template\": \"triggering_event_object\", \"arguments\": {}}}}, \"operator\": \"=\", \"right\": \"menu_service_success\"}}}}], \"then_actions\": [{\"template\": \"create_a_new_object\", \"arguments\": {}}, {\"template\": \"save_string_in_object\", \"arguments\": {\"value\": \"set_menu_service_status\", \"key\": \"category\", \"object\": {\"template\": \"last_created_object\", \"arguments\": {}}}}, {\"template\": \"save_boolean_in_object\", \"arguments\": {\"value\": true, \"key\": \"repaired\", \"object\": {\"template\": \"last_created_object\", \"arguments\": {}}}}, {\"template\": \"send_event_object\", \"arguments\": {\"event\": {\"template\": \"last_created_object\", \"arguments\": {}}, \"node_name\": \"control_panel\"}}, {\"template\": \"wait\", \"arguments\": {\"time\": 1.5}}, {\"template\": \"create_a_new_object\", \"arguments\": {}}, {\"template\": \"save_string_in_object\", \"arguments\": {\"value\": \"on\", \"key\": \"category\", \"object\": {\"template\": \"last_created_object\", \"arguments\": {}}}}, {\"template\": \"save_string_in_object\", \"arguments\": {\"value\": \"all\", \"key\": \"color\", \"object\": {\"template\": \"last_created_object\", \"arguments\": {}}}}, {\"template\": \"send_event_object\", \"arguments\": {\"event\": {\"template\": \"last_created_object\", \"arguments\": {}}, \"node_name\": \"refectory_lights\"}}, {\"template\": \"wait\", \"arguments\": {\"time\": 0.1}}, {\"template\": \"save_string_in_object\", \"arguments\": {\"value\": \"off\", \"key\": \"category\", \"object\": {\"template\": \"last_created_object\", \"arguments\": {}}}}, {\"template\": \"save_string_in_object\", \"arguments\": {\"value\": \"all\", \"key\": \"color\", \"object\": {\"template\": \"last_created_object\", \"arguments\": {}}}}, {\"template\": \"send_event_object\", \"arguments\": {\"event\": {\"template\": \"last_created_object\", \"arguments\": {}}, \"node_name\": \"refectory_lights\"}}, {\"template\": \"wait\", \"arguments\": {\"time\": 0.1}}, {\"template\": \"save_string_in_object\", \"arguments\": {\"value\": \"on\", \"key\": \"category\", \"object\": {\"template\": \"last_created_object\", \"arguments\": {}}}}, {\"template\": \"save_string_in_object\", \"arguments\": {\"value\": \"all\", \"key\": \"color\", \"object\": {\"template\": \"last_created_object\", \"arguments\": {}}}}, {\"template\": \"send_event_object\", \"arguments\": {\"event\": {\"template\": \"last_created_object\", \"arguments\": {}}, \"node_name\": \"refectory_lights\"}}], \"else_actions\": []}}, {\"template\": \"if_then_else_multiple_functions\", \"arguments\": {}, \"paragraphs\": {\"if_conditions\": [{\"template\": \"simple_condition\", \"arguments\": {\"condition\": {\"template\": \"string_comparison\", \"arguments\": {\"left\": {\"template\": \"object_get_string\", \"arguments\": {\"key\": \"category\", \"object\": {\"template\": \"triggering_event_object\", \"arguments\": {}}}}, \"operator\": \"=\", \"right\": \"services_synchronization_success\"}}}}], \"then_actions\": [{\"template\": \"wait\", \"arguments\": {\"time\": 4}}, {\"template\": \"create_a_new_object\", \"arguments\": {}}, {\"template\": \"save_string_in_object\", \"arguments\": {\"value\": \"stop_overlay_video\", \"key\": \"category\", \"object\": {\"template\": \"last_created_object\", \"arguments\": {}}}}, {\"template\": \"send_event_object\", \"arguments\": {\"event\": {\"template\": \"last_created_object\", \"arguments\": {}}, \"node_name\": \"orders\"}}], \"else_actions\": []}}]}"
  }
},
{
  "model": "editor.rule",
  "pk": 342,
  "fields": {
    "rule_set": 1,
    "index": 19,
    "name": "Sokoban controls fwd",
    "content": "{\"triggers\": [{\"template\": \"incoming_event_from_node\", \"arguments\": {\"node_name\": \"sokoban_controls\"}}], \"conditions\": [], \"actions\": [{\"template\": \"send_event_object\", \"arguments\": {\"event\": {\"template\": \"triggering_event_object\", \"arguments\": {}}, \"node_name\": \"inventory\"}}]}"
  }
},
{
  "model": "editor.rule",
  "pk": 374,
  "fields": {
    "rule_set": 1,
    "index": 20,
    "name": "Secure floor",
    "content": "{\"triggers\": [{\"template\": \"incoming_event_from_node\", \"arguments\": {\"node_name\": \"secure_floor\"}}], \"conditions\": [], \"actions\": [{\"template\": \"if_then_else_multiple_functions\", \"arguments\": {}, \"paragraphs\": {\"if_conditions\": [{\"template\": \"simple_condition\", \"arguments\": {\"condition\": {\"template\": \"string_comparison\", \"arguments\": {\"left\": {\"template\": \"object_get_string\", \"arguments\": {\"key\": \"category\", \"object\": {\"template\": \"triggering_event_object\", \"arguments\": {}}}}, \"operator\": \"=\", \"right\": \"clear\"}}}}], \"then_actions\": [{\"template\": \"create_a_new_object\", \"arguments\": {}}, {\"template\": \"save_string_in_object\", \"arguments\": {\"value\": \"playing\", \"key\": \"category\", \"object\": {\"template\": \"last_created_object\", \"arguments\": {}}}}, {\"template\": \"send_event_object\", \"arguments\": {\"event\": {\"template\": \"last_created_object\", \"arguments\": {}}, \"node_name\": \"laser_maze\"}}], \"else_actions\": []}}]}"
  }
},
{
  "model": "editor.rule",
  "pk": 376,
  "fields": {
    "rule_set": 1,
    "index": 21,
    "name": "Laser maze admin",
    "content": "{\"triggers\": [{\"template\": \"admin_button_press\", \"arguments\": {}}], \"conditions\": [], \"actions\": [{\"template\": \"if_then_else_multiple_functions\", \"arguments\": {}, \"paragraphs\": {\"if_conditions\": [{\"template\": \"simple_condition\", \"arguments\": {\"condition\": {\"template\": \"string_comparison\", \"arguments\": {\"left\": {\"template\": \"triggering_admin_button_id\", \"arguments\": {}}, \"operator\": \"=\", \"right\": \"maze_playing\"}}}}], \"then_actions\": [{\"template\": \"create_a_new_object\", \"arguments\": {}}, {\"template\": \"save_string_in_object\", \"arguments\": {\"value\": \"set_status\", \"key\": \"category\", \"object\": {\"template\": \"last_created_object\", \"arguments\": {}}}}, {\"template\": \"save_string_in_object\", \"arguments\": {\"value\": \"playing\", \"key\": \"status\", \"object\": {\"template\": \"last_created_object\", \"arguments\": {}}}}, {\"template\": \"send_event_object\", \"arguments\": {\"event\": {\"template\": \"last_created_object\", \"arguments\": {}}, \"node_name\": \"secure_floor\"}}], \"else_actions\": []}}, {\"template\": \"if_then_else_multiple_functions\", \"arguments\": {}, \"paragraphs\": {\"if_conditions\": [{\"template\": \"simple_condition\", \"arguments\": {\"condition\": {\"template\": \"string_comparison\", \"arguments\": {\"left\": {\"template\": \"triggering_admin_button_id\", \"arguments\": {}}, \"operator\": \"=\", \"right\": \"maze_alarm\"}}}}], \"then_actions\": [{\"template\": \"create_a_new_object\", \"arguments\": {}}, {\"template\": \"save_string_in_object\", \"arguments\": {\"value\": \"set_status\", \"key\": \"category\", \"object\": {\"template\": \"last_created_object\", \"arguments\": {}}}}, {\"template\": \"save_string_in_object\", \"arguments\": {\"value\": \"alarm\", \"key\": \"status\", \"object\": {\"template\": \"last_created_object\", \"arguments\": {}}}}, {\"template\": \"send_event_object\", \"arguments\": {\"event\": {\"template\": \"last_created_object\", \"arguments\": {}}, \"node_name\": \"secure_floor\"}}, {\"template\": \"create_a_new_object\", \"arguments\": {}}, {\"template\": \"save_string_in_object\", \"arguments\": {\"value\": \"stop_playing\", \"key\": \"category\", \"object\": {\"template\": \"last_created_object\", \"arguments\": {}}}}, {\"template\": \"send_event_object\", \"arguments\": {\"event\": {\"template\": \"last_created_object\", \"arguments\": {}}, \"node_name\": \"laser_maze\"}}], \"else_actions\": []}}, {\"template\": \"if_then_else_multiple_functions\", \"arguments\": {}, \"paragraphs\": {\"if_conditions\": [{\"template\": \"simple_condition\", \"arguments\": {\"condition\": {\"template\": \"string_comparison\", \"arguments\": {\"left\": {\"template\": \"triggering_admin_button_id\", \"arguments\": {}}, \"operator\": \"=\", \"right\": \"secure_floor_tare\"}}}}], \"then_actions\": [{\"template\": \"create_a_new_object\", \"arguments\": {}}, {\"template\": \"save_string_in_object\", \"arguments\": {\"value\": \"tare\", \"key\": \"category\", \"object\": {\"template\": \"last_created_object\", \"arguments\": {}}}}, {\"template\": \"send_event_object\", \"arguments\": {\"event\": {\"template\": \"last_created_object\", \"arguments\": {}}, \"node_name\": \"secure_floor\"}}], \"else_actions\": []}}, {\"template\": \"if_then_else_multiple_functions\", \"arguments\": {}, \"paragraphs\": {\"if_conditions\": [{\"template\": \"simple_condition\", \"arguments\": {\"condition\": {\"template\": \"string_comparison\", \"arguments\": {\"left\": {\"template\": \"triggering_admin_button_id\", \"arguments\": {}}, \"operator\": \"=\", \"right\": \"maze_success\"}}}}], \"then_actions\": [{\"template\": \"create_a_new_object\", \"arguments\": {}}, {\"template\": \"save_string_in_object\", \"arguments\": {\"value\": \"success\", \"key\": \"category\", \"object\": {\"template\": \"last_created_object\", \"arguments\": {}}}}, {\"template\": \"send_event_object\", \"arguments\": {\"event\": {\"template\": \"last_created_object\", \"arguments\": {}}, \"node_name\": \"secure_floor\"}}, {\"template\": \"create_a_new_object\", \"arguments\": {}}, {\"template\": \"save_string_in_object\", \"arguments\": {\"value\": \"set_success\", \"key\": \"category\", \"object\": {\"template\": \"last_created_object\", \"arguments\": {}}}}, {\"template\": \"save_boolean_in_object\", \"arguments\": {\"value\": true, \"key\": \"value\", \"object\": {\"template\": \"last_created_object\", \"arguments\": {}}}}, {\"template\": \"send_event_object\", \"arguments\": {\"event\": {\"template\": \"last_created_object\", \"arguments\": {}}, \"node_name\": \"laser_maze\"}}], \"else_actions\": []}}, {\"template\": \"if_then_else_multiple_functions\", \"arguments\": {}, \"paragraphs\": {\"if_conditions\": [{\"template\": \"simple_condition\", \"arguments\": {\"condition\": {\"template\": \"string_comparison\", \"arguments\": {\"left\": {\"template\": \"triggering_admin_button_id\", \"arguments\": {}}, \"operator\": \"=\", \"right\": \"maze_reset\"}}}}], \"then_actions\": [{\"template\": \"create_a_new_object\", \"arguments\": {}}, {\"template\": \"save_string_in_object\", \"arguments\": {\"value\": \"reset\", \"key\": \"category\", \"object\": {\"template\": \"last_created_object\", \"arguments\": {}}}}, {\"template\": \"send_event_object\", \"arguments\": {\"event\": {\"template\": \"last_created_object\", \"arguments\": {}}, \"node_name\": \"laser_maze\"}}, {\"template\": \"send_event_object\", \"arguments\": {\"event\": {\"template\": \"last_created_object\", \"arguments\": {}}, \"node_name\": \"secure_floor\"}}], \"else_actions\": []}}]}"
  }
},
{
  "model": "editor.rule",
  "pk": 377,
  "fields": {
    "rule_set": 1,
    "index": 22,
    "name": "Laser maze echo",
    "content": "{\"triggers\": [{\"template\": \"incoming_event\", \"arguments\": {}}], \"conditions\": [{\"template\": \"simple_condition\", \"arguments\": {\"condition\": {\"template\": \"string_comparison\", \"arguments\": {\"left\": {\"template\": \"triggering_node_name\", \"arguments\": {}}, \"operator\": \"=\", \"right\": \"laser_maze\"}}}}], \"actions\": [{\"template\": \"if_then_else_multiple_functions\", \"arguments\": {}, \"paragraphs\": {\"if_conditions\": [{\"template\": \"simple_condition\", \"arguments\": {\"condition\": {\"template\": \"string_comparison\", \"arguments\": {\"left\": {\"template\": \"object_get_string\", \"arguments\": {\"key\": \"category\", \"object\": {\"template\": \"triggering_event_object\", \"arguments\": {}}}}, \"operator\": \"=\", \"right\": \"alarm\"}}}}], \"then_actions\": [{\"template\": \"create_a_new_object\", \"arguments\": {}}, {\"template\": \"save_string_in_object\", \"arguments\": {\"value\": \"stop_playing\", \"key\": \"category\", \"object\": {\"template\": \"last_created_object\", \"arguments\": {}}}}, {\"template\": \"send_event_object\", \"arguments\": {\"event\": {\"template\": \"last_created_object\", \"arguments\": {}}, \"node_name\": \"laser_maze\"}}, {\"template\": \"create_a_new_object\", \"arguments\": {}}, {\"template\": \"save_string_in_object\", \"arguments\": {\"value\": \"set_status\", \"key\": \"category\", \"object\": {\"template\": \"last_created_object\", \"arguments\": {}}}}, {\"template\": \"save_string_in_object\", \"arguments\": {\"value\": \"alarm\", \"key\": \"status\", \"object\": {\"template\": \"last_created_object\", \"arguments\": {}}}}, {\"template\": \"send_event_object\", \"arguments\": {\"event\": {\"template\": \"last_created_object\", \"arguments\": {}}, \"node_name\": \"secure_floor\"}}], \"else_actions\": []}}, {\"template\": \"if_then_else_multiple_functions\", \"arguments\": {}, \"paragraphs\": {\"if_conditions\": [{\"template\": \"simple_condition\", \"arguments\": {\"condition\": {\"template\": \"string_comparison\", \"arguments\": {\"left\": {\"template\": \"object_get_string\", \"arguments\": {\"key\": \"category\", \"object\": {\"template\": \"last_created_object\", \"arguments\": {}}}}, \"operator\": \"=\", \"right\": \"success\"}}}}], \"then_actions\": [{\"template\": \"create_a_new_object\", \"arguments\": {}}, {\"template\": \"save_string_in_object\", \"arguments\": {\"value\": \"set_success\", \"key\": \"category\", \"object\": {\"template\": \"last_created_object\", \"arguments\": {}}}}, {\"template\": \"save_boolean_in_object\", \"arguments\": {\"value\": true, \"key\": \"value\", \"object\": {\"template\": \"last_created_object\", \"arguments\": {}}}}, {\"template\": \"send_event_object\", \"arguments\": {\"event\": {\"template\": \"last_created_object\", \"arguments\": {}}, \"node_name\": \"laser_maze\"}}, {\"template\": \"create_a_new_object\", \"arguments\": {}}, {\"template\": \"save_string_in_object\", \"arguments\": {\"value\": \"success\", \"key\": \"category\", \"object\": {\"template\": \"last_created_object\", \"arguments\": {}}}}, {\"template\": \"send_event_object\", \"arguments\": {\"event\": {\"template\": \"last_created_object\", \"arguments\": {}}, \"node_name\": \"secure_floor\"}}], \"else_actions\": []}}]}"
  }
}
]
